,total,taxonomy
UNI1984,51221,Bacteria;Proteobacteria;Gammaproteobacteria;Pseudomonadales;Pseudomonadaceae;Pseudomonas;Squalius pyrenaicus
UNI1900,34773,Bacteria;Deinococcus-Thermus;Deinococci;Thermales;Thermaceae;Thermus;Thermus amyloliquefaciens
UNI2590,23117,Bacteria;Firmicutes;Clostridia;Thermolithobacterales;Thermolithobacteraceae;Thermolithobacter;uncultured Firmicutes bacterium
UNI4126,18633,Bacteria;Firmicutes;Bacilli;Bacillales;Staphylococcaceae;Staphylococcus;Staphylococcus haemolyticus DNF00585
UNI2857,17737,Bacteria;Proteobacteria;Betaproteobacteria;Burkholderiales;Comamonadaceae;Schlegelella;Schlegelella thermodepolymerans
UNI2999,16713,Bacteria;Bacteroidetes;Bacteroidia;Bacteroidales;Prevotellaceae;Prevotella 7;Prevotella baroniae
UNI2913,13960,Bacteria;Proteobacteria;Alphaproteobacteria;Sphingomonadales;Sphingomonadaceae;Sphingomonas;Triatoma brasiliensis
UNI3837,13470,Bacteria;Bacteroidetes;Bacteroidia;Bacteroidales;Prevotellaceae;Prevotella;Prevotella maculosa DSM 19339 = JCM 15638
UNI3713,10616,Bacteria;Actinobacteria;Actinobacteria;Micrococcales;Micrococcaceae;Arthrobacter;Arthrobacter globiformis NBRC 12137
UNI3642,10554,Bacteria;Proteobacteria;Gammaproteobacteria;Pseudomonadales;Moraxellaceae;Acinetobacter;Acinetobacter sp. NIPH 2171
UNI4221,10448,Bacteria;Bacteroidetes;Flavobacteriia;Flavobacteriales;Flavobacteriaceae;Chryseobacterium;Chryseobacterium sp. YR460
UNI4593,9269,Bacteria;Firmicutes;Bacilli;Lactobacillales;Streptococcaceae;Streptococcus;uncultured bacterium
UNI6262,9196,Bacteria;Firmicutes;Negativicutes;Selenomonadales;Veillonellaceae;Veillonella;Veillonella parvula
UNI3828,8990,Bacteria;Proteobacteria;Betaproteobacteria;Burkholderiales;Burkholderiaceae;Cupriavidus;Cupriavidus sp. D384
UNI6013,8981,Bacteria;Actinobacteria;Actinobacteria;Corynebacteriales;Corynebacteriaceae;Corynebacterium;Corynebacterium sp. GD7
UNI5316,7155,Bacteria;Actinobacteria;Actinobacteria;Corynebacteriales;Corynebacteriaceae;Corynebacterium;Corynebacterium sp. HFH0082
UNI5466,5843,Bacteria;Proteobacteria;Gammaproteobacteria;Pseudomonadales;Moraxellaceae;Acinetobacter;Acinetobacter bereziniae LMG 1003 = CIP 70.12
UNI6220,5544,Bacteria;Proteobacteria;Gammaproteobacteria;Pseudomonadales;Pseudomonadaceae;Pseudomonas;Pseudomonas sp. ABFPK
UNI5970,5530,Bacteria;Proteobacteria;Alphaproteobacteria;Sphingomonadales;Sphingomonadaceae;Sphingomonas;Sphingomonas sp. ID0634
UNI5256,5344,Bacteria;Chloroflexi;Chloroflexi Incertae Sedis;Unknown Order;Unknown Family;Thermobaculum;Thermobaculum terrenum
UNI6456,5008,Bacteria;Proteobacteria;Gammaproteobacteria;Pseudomonadales;Pseudomonadaceae;Pseudomonas;Pseudomonas sp. RIT-PI-o
UNI6474,5004,Bacteria;Firmicutes;Negativicutes;Selenomonadales;Veillonellaceae;Veillonella;Veillonella sp. ADV 3107.03
UNI5813,4472,Bacteria;Actinobacteria;Actinobacteria;Corynebacteriales;Mycobacteriaceae;Mycobacterium;Mycobacterium abscessus MAB_030201_1075
UNI6040,4093,Bacteria;Proteobacteria;Alphaproteobacteria;Rhizobiales;Bradyrhizobiaceae;uncultured;Afipia sp. P52-10
UNI6398,4013,Bacteria;Proteobacteria;Betaproteobacteria;Burkholderiales;Comamonadaceae;Aquabacterium;uncultured proteobacterium
UNI6194,3989,Bacteria;Proteobacteria;Gammaproteobacteria;Pseudomonadales;Moraxellaceae;Acinetobacter;Acinetobacter bereziniae LMG 1003 = CIP 70.12
UNI6195,3511,Bacteria;Proteobacteria;Betaproteobacteria;Burkholderiales;Comamonadaceae;Diaphorobacter;Diaphorobacter nitroreducens JCM 11421
UNI7330,3376,Bacteria;Firmicutes;Bacilli;Lactobacillales;Carnobacteriaceae;Atopostipes;uncultured feedlot manure bacterium B32
UNI5765,3160,Bacteria;Firmicutes;Clostridia;Clostridiales;Family XI;Peptoniphilus;Peptoniphilus rhinitidis 1-13
UNI6880,2799,Bacteria;Proteobacteria;Alphaproteobacteria;Rhizobiales;Rhizobiaceae;Rhizobium;Agrobacterium tumefaciens WRT31
UNI8008,2713,Bacteria;Firmicutes;Bacilli;Lactobacillales;Carnobacteriaceae;Dolosigranulum;Dolosigranulum pigrum ATCC 51524
UNI6719,2705,Bacteria;Deinococcus-Thermus;Deinococci;Deinococcales;Trueperaceae;Truepera;Truepera radiovictrix
UNI7325,2506,Bacteria;Deinococcus-Thermus;Deinococci;Deinococcales;Deinococcaceae;Deinococcus;Deinococcus murrayi
UNI8625,2390,Bacteria;Proteobacteria;Gammaproteobacteria;Pseudomonadales;Moraxellaceae;Acinetobacter;Acinetobacter sp. CIP 101934
UNI6945,2254,Bacteria;Proteobacteria;Betaproteobacteria;Burkholderiales;Comamonadaceae;Pelomonas;Pelomonas aquatica
UNI6781,2136,Bacteria;Actinobacteria;Actinobacteria;Corynebacteriales;Corynebacteriaceae;Corynebacterium;Corynebacterium tuberculostearicum SK141
UNI7747,1994,Bacteria;Proteobacteria;Alphaproteobacteria;Rhizobiales;Methylobacteriaceae;Methylobacterium;Methylobacterium sp. 88A
UNI9380,1877,Bacteria;Actinobacteria;Actinobacteria;Micrococcales;Micrococcaceae;Rothia;Rothia mucilaginosa ATCC 25296
UNI814,1796,Bacteria;Proteobacteria;Betaproteobacteria;Neisseriales;Neisseriaceae;Neisseriaceae(F);uncultured bacterium
UNI8028,1743,Bacteria;Proteobacteria;Gammaproteobacteria;Pseudomonadales;Moraxellaceae;Acinetobacter;Acinetobacter guillouiae
UNI8470,1700,Bacteria;Firmicutes;Bacilli;Bacillales;Staphylococcaceae;Nosocomiicoccus;uncultured bacterium
UNI8320,1683,Bacteria;Bacteroidetes;Flavobacteriia;Flavobacteriales;Flavobacteriaceae;Empedobacter;Empedobacter falsenii
UNI9141,1657,Bacteria;Bacteroidetes;Flavobacteriia;Flavobacteriales;Flavobacteriaceae;Empedobacter;Flavobacterium sp. IICDBZ3
UNI10787,1645,Bacteria;Actinobacteria;Actinobacteria;Corynebacteriales;Corynebacteriaceae;Corynebacterium;uncultured bacterium
UNI8580,1630,Bacteria;Firmicutes;Bacilli;Bacillales;Staphylococcaceae;Staphylococcus;Staphylococcus aureus M0113
UNI7594,1535,Bacteria;Proteobacteria;Gammaproteobacteria;Xanthomonadales;Xanthomonadaceae;Stenotrophomonas;Stenotrophomonas nitritireducens
UNI862,1356,Bacteria;Proteobacteria;Betaproteobacteria;Neisseriales;Neisseriaceae;Neisseriaceae(F);uncultured bacterium
UNI9828,1302,Bacteria;Firmicutes;Bacilli;Lactobacillales;Carnobacteriaceae;Atopostipes;uncultured bacterium
UNI9061,1265,Bacteria;Proteobacteria;Betaproteobacteria;Burkholderiales;Comamonadaceae;uncultured Pelomonas sp.
UNI9913,1224,Bacteria;Chloroflexi;Chloroflexi Incertae Sedis;Unknown Order;Unknown Family;Thermobaculum;Thermobaculum terrenum
UNI8288,1222,Bacteria;Cyanobacteria;Chloroplast;Pardosa pseudoannulata
UNI10603,1186,Bacteria;Proteobacteria;Betaproteobacteria;Burkholderiales;Comamonadaceae;Comamonas;Comamonas kerstersii
UNI10576,1160,Bacteria;Firmicutes;Negativicutes;Selenomonadales;Veillonellaceae;Veillonella;Veillonella tobetsuensis
UNI9284,1016,Bacteria;Firmicutes;Clostridia;Clostridiales;Family XI;Finegoldia;Finegoldia magna ATCC 53516
UNI9108,974,Bacteria;Firmicutes;Bacilli;Bacillales;Bacillaceae;Calditerricola;Calditerricola satsumensis JCM 14719
UNI10861,966,Bacteria;Proteobacteria;Gammaproteobacteria;Xanthomonadales;Xanthomonadaceae;Xanthomonas;Xanthomonas campestris pv. musacearum NCPPB 4381
UNI11551,960,Bacteria;Actinobacteria;Actinobacteria;Corynebacteriales;Corynebacteriaceae;Corynebacterium;uncultured bacterium
UNI12401,948,Bacteria;Firmicutes;Bacilli;Lactobacillales;Leuconostocaceae;Leuconostoc;Leuconostoc mesenteroides subsp. cremoris ATCC 19254
UNI9358,899,Bacteria;Actinobacteria;Actinobacteria;Micrococcales;Micrococcaceae;Kocuria;Kocuria marina
UNI12098,869,Bacteria;Actinobacteria;Actinobacteria;Corynebacteriales;Corynebacteriaceae;Corynebacterium;Corynebacterium tuberculostearicum SK141
UNI9279,855,Bacteria;Firmicutes;Bacilli;Bacillales;Bacillaceae;Anoxybacillus;Anoxybacillus tepidamans
UNI873,802,Bacteria;Proteobacteria;Betaproteobacteria;Neisseriales;Neisseriaceae;Neisseriaceae(F);uncultured bacterium
UNI11975,769,Bacteria;Deinococcus-Thermus;Deinococci;Thermales;Thermaceae;Thermus;Thermus amyloliquefaciens
UNI9967,743,Bacteria;Chloroflexi;Chloroflexi Incertae Sedis;Unknown Order;Unknown Family;Thermobaculum;Thermobaculum terrenum
UNI9667,719,Bacteria;Proteobacteria;Gammaproteobacteria;Enterobacteriales;Enterobacteriaceae;Citrobacter;Escherichia coli ISC11
UNI12434,706,Bacteria;Bacteroidetes;Bacteroidia;Bacteroidales;Prevotellaceae;Prevotella;Prevotella oris F0302
UNI11541,699,Bacteria;Proteobacteria;Gammaproteobacteria;Pseudomonadales;Moraxellaceae;Acinetobacter;Acinetobacter sp. NIPH 2171
UNI10761,692,Bacteria;Proteobacteria;Gammaproteobacteria;Enterobacteriales;Enterobacteriaceae;Klebsiella;Klebsiella oxytoca OK-1
UNI888,662,Bacteria;Proteobacteria;Betaproteobacteria;Neisseriales;Neisseriaceae;Neisseriaceae(F);uncultured bacterium
UNI10863,658,Bacteria;Proteobacteria;Gammaproteobacteria;Pseudomonadales;Moraxellaceae;Acinetobacter;Acinetobacter bereziniae LMG 1003 = CIP 70.12
UNI1032,656,Bacteria;Proteobacteria;Betaproteobacteria;Neisseriales;Neisseriaceae;Neisseriaceae(F);uncultured bacterium
UNI1058,645,Bacteria;Proteobacteria;Betaproteobacteria;Neisseriales;Neisseriaceae;Neisseriaceae(F);uncultured bacterium
UNI851,644,Bacteria;Proteobacteria;Betaproteobacteria;Neisseriales;Neisseriaceae;Neisseriaceae(F);uncultured bacterium
UNI9357,634,Bacteria;Proteobacteria;Gammaproteobacteria;Pseudomonadales;Moraxellaceae;Acinetobacter;Acinetobacter sp. NIPH 2171
UNI966,618,Bacteria;Proteobacteria;Betaproteobacteria;Neisseriales;Neisseriaceae;Neisseriaceae(F);uncultured bacterium
UNI12233,617,Bacteria;Proteobacteria;Gammaproteobacteria;Pseudomonadales;Moraxellaceae;Acinetobacter;bacterium JUN-13
UNI7460,614,Bacteria;Proteobacteria;Alphaproteobacteria;Rhizobiales;Phyllobacteriaceae;Phyllobacterium;Phyllobacterium sp. UNC302MFCol5.2
UNI10936,601,Bacteria;Fusobacteria;Fusobacteriia;Fusobacteriales;Leptotrichiaceae;Leptotrichia;Leptotrichia sp. Marseille-P3007
UNI867,600,Bacteria;Proteobacteria;Betaproteobacteria;Neisseriales;Neisseriaceae;Neisseriaceae(F);uncultured bacterium
UNI12408,597,Bacteria;Proteobacteria;Alphaproteobacteria;Rhizobiales;Rhizobiales Incertae Sedis;Phreatobacter;uncultured Brucella sp.
UNI11232,561,Bacteria;Firmicutes;Bacilli;Lactobacillales;Streptococcaceae;Streptococcus;uncultured bacterium
UNI6735,557,Bacteria;Firmicutes;Bacilli;Bacillales;Bacillaceae;Calditerricola;Calditerricola satsumensis JCM 14719
UNI12481,556,Bacteria;Deinococcus-Thermus;Deinococci;Thermales;Thermaceae;Meiothermus;Meiothermus cerbereus DSM 11376
UNI504,543,Bacteria;Actinobacteria;Actinobacteria;Corynebacteriales;Corynebacteriaceae;Corynebacterium;Corynebacterium accolens ATCC 49725
UNI9861,531,Bacteria;Actinobacteria;Actinobacteria;Micromonosporales;Micromonosporaceae;Krasilnikovia;uncultured bacterium
UNI3094,487,Bacteria;Proteobacteria;Gammaproteobacteria;Enterobacteriales;Enterobacteriaceae;Citrobacter;Citrobacter freundii UCI 32
UNI12044,461,Bacteria;Actinobacteria;Actinobacteria;Corynebacteriales;Corynebacteriaceae;Corynebacterium;uncultured bacterium
UNI12241,459,Bacteria;Actinobacteria;Actinobacteria;Corynebacteriales;Corynebacteriaceae;Corynebacterium;Corynebacterium glucuronolyticum ATCC 51866
UNI1050,431,Bacteria;Proteobacteria;Betaproteobacteria;Neisseriales;Neisseriaceae;Neisseriaceae(F);uncultured bacterium
UNI10789,406,Bacteria;Chloroflexi;Chloroflexi Incertae Sedis;Unknown Order;Unknown Family;Thermobaculum;Thermobaculum terrenum
UNI10745,405,Bacteria;Deinococcus-Thermus;Deinococci;Thermales;Thermaceae;Thermus;Thermus amyloliquefaciens
UNI1028,348,Bacteria;Proteobacteria;Betaproteobacteria;Neisseriales;Neisseriaceae;Neisseriaceae(F);uncultured bacterium
UNI840,336,Bacteria;Proteobacteria;Betaproteobacteria;Neisseriales;Neisseriaceae;Neisseriaceae(F);uncultured bacterium
UNI12248,331,Bacteria;Actinobacteria;Actinobacteria;Corynebacteriales;Corynebacteriaceae;Corynebacterium;Corynebacterium sp. NML 100378
UNI976,329,Bacteria;Proteobacteria;Betaproteobacteria;Neisseriales;Neisseriaceae;Neisseriaceae(F);uncultured bacterium
UNI469,328,Bacteria;Actinobacteria;Actinobacteria;Corynebacteriales;Corynebacteriaceae;Corynebacterium;Corynebacterium accolens ATCC 49725
UNI1036,311,Bacteria;Proteobacteria;Betaproteobacteria;Neisseriales;Neisseriaceae;Neisseriaceae(F);uncultured bacterium
UNI971,300,Bacteria;Proteobacteria;Betaproteobacteria;Neisseriales;Neisseriaceae;Neisseriaceae(F);uncultured bacterium
UNI1043,291,Bacteria;Proteobacteria;Betaproteobacteria;Neisseriales;Neisseriaceae;Neisseriaceae(F);uncultured bacterium
UNI12237,291,Bacteria;Actinobacteria;Actinobacteria;Corynebacteriales;Corynebacteriaceae;Corynebacterium;Corynebacterium tuberculostearicum SK141
UNI578,289,Bacteria;Actinobacteria;Actinobacteria;Corynebacteriales;Corynebacteriaceae;Corynebacterium;Corynebacterium accolens ATCC 49725
UNI10954,278,Bacteria;Actinobacteria;Actinobacteria;Corynebacteriales;Corynebacteriaceae;Corynebacterium;Corynebacterium tuberculostearicum SK141
UNI10853,277,Bacteria;Proteobacteria;Gammaproteobacteria;Pseudomonadales;Moraxellaceae;Acinetobacter;Acinetobacter sp. CJ-S-MA4
UNI962,275,Bacteria;Proteobacteria;Betaproteobacteria;Neisseriales;Neisseriaceae;Neisseriaceae(F);uncultured bacterium
UNI4,268,Bacteria;Proteobacteria;Gammaproteobacteria;Xanthomonadales;Xanthomonadaceae;Stenotrophomonas;Stenotrophomonas maltophilia SKK35
UNI10933,257,Bacteria;Proteobacteria;Alphaproteobacteria;Rhizobiales;Hyphomicrobiaceae;Pedomicrobium;Pedomicrobium ferrugineum
UNI11006,251,Bacteria;Deinococcus-Thermus;Deinococci;Thermales;Thermaceae;Meiothermus;Meiothermus silvanus
UNI9048,243,Bacteria;Firmicutes;Bacilli;Bacillales;Bacillaceae;Bacillus;Bacillus licheniformis
UNI12041,242,Bacteria;Proteobacteria;Alphaproteobacteria;Sphingomonadales;Sphingomonadaceae;Sphingomonas;Triatoma brasiliensis
UNI981,238,Bacteria;Proteobacteria;Betaproteobacteria;Neisseriales;Neisseriaceae;Neisseriaceae(F);uncultured bacterium
UNI674,223,Bacteria;Firmicutes;Bacilli;Bacillales;Bacillaceae;Bacillus;Bacillus licheniformis
UNI685,199,Bacteria;Firmicutes;Bacilli;Bacillales;Staphylococcaceae;Staphylococcus;Staphylococcus epidermidis
UNI927,193,Bacteria;Proteobacteria;Betaproteobacteria;Burkholderiales;Comamonadaceae;Delftia;Delftia acidovorans
UNI499,186,Bacteria;Actinobacteria;Actinobacteria;Micrococcales;Microbacteriaceae;Leifsonia;Leifsonia aquatica ATCC 14665
UNI10194,176,Bacteria;Proteobacteria;Gammaproteobacteria;Enterobacteriales;Enterobacteriaceae;Enterobacter;Enterobacter aerogenes
UNI11645,142,Bacteria;Proteobacteria;Betaproteobacteria;Neisseriales;Neisseriaceae;Neisseriaceae(F);uncultured bacterium
UNI1019,136,Bacteria;Proteobacteria;Betaproteobacteria;Neisseriales;Neisseriaceae;Neisseriaceae(F);uncultured bacterium
UNI847,131,Bacteria;Firmicutes;Bacilli;Bacillales;Bacillaceae;Bacillus;Bacillus licheniformis
UNI904,130,Bacteria;Firmicutes;Bacilli;Bacillales;Staphylococcaceae;Staphylococcus;Staphylococcus epidermidis
UNI1807,123,Bacteria;Firmicutes;Bacilli;Lactobacillales;Streptococcaceae;Streptococcus;Streptococcus pneumoniae
UNI7592,118,Bacteria;Firmicutes;Bacilli;Bacillales;Bacillaceae;Bacillus;Bacillus thermoamylovorans
UNI644,112,Bacteria;Actinobacteria;Actinobacteria;Micrococcales;Microbacteriaceae;Leifsonia;Leifsonia aquatica ATCC 14665
UNI2377,110,Bacteria;Firmicutes;Bacilli;Bacillales;Bacillaceae;Bacillus;Bacillus coagulans DSM 1 = ATCC 7050
UNI2008,108,Bacteria;Proteobacteria;Gammaproteobacteria;Pseudomonadales;Pseudomonadaceae;Pseudomonas;Squalius pyrenaicus
UNI2515,108,Bacteria;Proteobacteria;Gammaproteobacteria;Pseudomonadales;Moraxellaceae;Acinetobacter;Acinetobacter sp. CJ-S-MA4
UNI1184,107,Bacteria;Actinobacteria;Actinobacteria;Corynebacteriales;Corynebacteriaceae;Corynebacterium;Corynebacterium tuberculostearicum SK141
UNI12058,105,Bacteria;Firmicutes;Bacilli;Bacillales;Bacillaceae;Bacillus;Bacillus licheniformis
UNI2367,101,Bacteria;Firmicutes;Clostridia;Thermoanaerobacterales;Family III;Thermoanaerobacterium;Thermoanaerobacterium bryantii
UNI2890,98,Bacteria;Proteobacteria;Alphaproteobacteria;Sphingomonadales;Sphingomonadaceae;Sphingomonas;Triatoma brasiliensis
UNI8093,92,Bacteria;Firmicutes;Bacilli;Lactobacillales;Lactobacillaceae;Lactobacillus;Lactobacillus iners DSM 13335
UNI445,91,Bacteria;Actinobacteria;Actinobacteria;Corynebacteriales;Corynebacteriaceae;Corynebacterium;Corynebacterium accolens ATCC 49725
UNI10399,89,Bacteria;Firmicutes;Bacilli;Lactobacillales;Streptococcaceae;Streptococcus;Streptococcus pneumoniae
UNI10949,83,Bacteria;Proteobacteria;Alphaproteobacteria;Sphingomonadales;Sphingomonadaceae;Sphingomonas;Castanea mollissima (Chinese chestnut)
UNI1871,79,Bacteria;Firmicutes;Bacilli;Lactobacillales;Streptococcaceae;Streptococcus;Streptococcus pneumoniae
UNI3590,68,Bacteria;Deinococcus-Thermus;Deinococci;Thermales;Thermaceae;Meiothermus;Meiothermus silvanus
UNI442,66,Bacteria;Actinobacteria;Actinobacteria;Corynebacteriales;Corynebacteriaceae;Corynebacterium;Corynebacterium accolens ATCC 49725
UNI2056,62,Bacteria;Proteobacteria;Betaproteobacteria;Neisseriales;Neisseriaceae;Neisseriaceae(F);uncultured bacterium
UNI918,58,Bacteria;Actinobacteria;Actinobacteria;Corynebacteriales;Corynebacteriaceae;Corynebacterium;Corynebacterium kroppenstedtii
UNI3202,58,Bacteria;Firmicutes;Clostridia;Thermolithobacterales;Thermolithobacteraceae;Thermolithobacter;uncultured Firmicutes bacterium
UNI2034,57,Bacteria;Deinococcus-Thermus;Deinococci;Thermales;Thermaceae;Thermus;Thermus amyloliquefaciens
UNI951,52,Bacteria;Proteobacteria;Betaproteobacteria;Neisseriales;Neisseriaceae;Neisseriaceae(F);uncultured bacterium
UNI1549,52,Bacteria;Actinobacteria;Actinobacteria;Corynebacteriales;Corynebacteriaceae;Corynebacterium;Corynebacterium tuberculostearicum SK141
UNI12107,52,Bacteria;Firmicutes;Bacilli;Bacillales;Bacillaceae;Aeribacillus;Aeribacillus pallidus
UNI595,51,Bacteria;Actinobacteria;Actinobacteria;Corynebacteriales;Corynebacteriaceae;Corynebacterium;Corynebacterium accolens ATCC 49725
UNI194,50,Bacteria;Firmicutes;Bacilli;Bacillales;Bacillaceae;Aeribacillus;Aeribacillus pallidus
UNI1950,47,Bacteria;Deinococcus-Thermus;Deinococci;Deinococcales;Deinococcaceae;Deinococcus;Deinococcus geothermalis
UNI3922,45,Bacteria;Deinococcus-Thermus;Deinococci;Thermales;Thermaceae;Meiothermus;Meiothermus silvanus
UNI2641,45,Bacteria;Firmicutes;Clostridia;Thermoanaerobacterales;Family III;Thermoanaerobacterium;Thermoanaerobacterium bryantii
UNI854,44,Bacteria;Proteobacteria;Betaproteobacteria;Neisseriales;Neisseriaceae;Neisseriaceae(F);uncultured bacterium
UNI11233,43,Bacteria;Proteobacteria;Gammaproteobacteria;Pseudomonadales;Pseudomonadaceae;Pseudomonas;Pseudomonas sp. RIT-PI-o
UNI6736,43,Bacteria;Firmicutes;Negativicutes;Selenomonadales;Veillonellaceae;Veillonella;Veillonella parvula
UNI76,43,Bacteria;Proteobacteria;Betaproteobacteria;Burkholderiales;Comamonadaceae;Delftia;Delftia acidovorans
UNI12442,42,Bacteria;Actinobacteria;Actinobacteria;Corynebacteriales;Corynebacteriaceae;Corynebacterium;Corynebacterium kroppenstedtii
UNI865,42,Bacteria;Proteobacteria;Betaproteobacteria;Neisseriales;Neisseriaceae;Neisseriaceae(F);uncultured bacterium
UNI4844,42,Bacteria;Firmicutes;Bacilli;Lactobacillales;Streptococcaceae;Lactococcus;Lactococcus lactis
UNI7737,41,Bacteria;Firmicutes;Bacilli;Lactobacillales;Carnobacteriaceae;Atopostipes;uncultured feedlot manure bacterium B32
UNI2632,40,Bacteria;Firmicutes;Clostridia;Thermolithobacterales;Thermolithobacteraceae;Thermolithobacter;uncultured Firmicutes bacterium
UNI2303,39,Bacteria;Deinococcus-Thermus;Deinococci;Thermales;Thermaceae;Thermus;Thermus amyloliquefaciens
UNI9648,39,Bacteria;Bacteroidetes;Bacteroidia;Bacteroidales;Prevotellaceae;Prevotella;Prevotella oris F0302
UNI2264,38,Bacteria;Firmicutes;Clostridia;Thermoanaerobacterales;Family III;Thermoanaerobacterium;Thermoanaerobacterium bryantii
UNI477,37,Bacteria;Actinobacteria;Actinobacteria;Corynebacteriales;Corynebacteriaceae;Corynebacterium;Corynebacterium accolens ATCC 49725
UNI8160,37,Bacteria;Firmicutes;Bacilli;Lactobacillales;Carnobacteriaceae;Atopostipes;uncultured feedlot manure bacterium B32
UNI1097,36,Bacteria;Actinobacteria;Actinobacteria;Corynebacteriales;Corynebacteriaceae;Corynebacterium;Corynebacterium kroppenstedtii
UNI3349,36,Bacteria;Proteobacteria;Alphaproteobacteria;Sphingomonadales;Sphingomonadaceae;Sphingomonas;Solanum lycopersicum (tomato)
UNI263,36,Bacteria;Firmicutes;Bacilli;Bacillales;Bacillaceae;Bacillus;Bacillus sp. KW-12
UNI2753,35,Bacteria;Firmicutes;Clostridia;Thermolithobacterales;Thermolithobacteraceae;Thermolithobacter;uncultured Firmicutes bacterium
UNI4501,35,Bacteria;Bacteroidetes;Bacteroidia;Bacteroidales;Prevotellaceae;Prevotella;Prevotella maculosa DSM 19339 = JCM 15638
UNI11882,35,Bacteria;Proteobacteria;Alphaproteobacteria;Rhizobiales;Methylobacteriaceae;Methylobacterium;Methylobacterium sp. GXS13
UNI7,35,Bacteria;Proteobacteria;Gammaproteobacteria;Xanthomonadales;Xanthomonadaceae;Stenotrophomonas;Stenotrophomonas maltophilia SKK35
UNI955,34,Bacteria;Proteobacteria;Betaproteobacteria;Neisseriales;Neisseriaceae;Neisseriaceae(F);uncultured bacterium
UNI6716,34,Bacteria;Firmicutes;Bacilli;Bacillales;Bacillaceae;Bacillus;Bacillus sp. KW-12
UNI3656,33,Bacteria;Actinobacteria;Actinobacteria;Corynebacteriales;Corynebacteriaceae;Corynebacterium;Corynebacterium sp. NML 100378
UNI2569,33,Bacteria;Proteobacteria;Gammaproteobacteria;Pseudomonadales;Moraxellaceae;Acinetobacter;Acinetobacter sp. CJ-S-MA4
UNI3155,31,Bacteria;Proteobacteria;Gammaproteobacteria;Enterobacteriales;Enterobacteriaceae;Citrobacter;Citrobacter freundii UCI 32
UNI626,30,Bacteria;Firmicutes;Bacilli;Bacillales;Staphylococcaceae;Staphylococcus;Staphylococcus epidermidis
UNI7694,30,Bacteria;Proteobacteria;Gammaproteobacteria;Pseudomonadales;Pseudomonadaceae;Pseudomonas;Pseudomonas putida OUS82
UNI8447,30,Bacteria;Proteobacteria;Alphaproteobacteria;Rhizobiales;Phyllobacteriaceae;Phyllobacterium;Phyllobacterium sp. UNC302MFCol5.2
UNI2172,30,Bacteria;Proteobacteria;Gammaproteobacteria;Pseudomonadales;Pseudomonadaceae;Pseudomonas;Squalius pyrenaicus
UNI7754,30,Bacteria;Firmicutes;Bacilli;Lactobacillales;Carnobacteriaceae;Atopostipes;uncultured feedlot manure bacterium B32
UNI487,30,Bacteria;Actinobacteria;Actinobacteria;Corynebacteriales;Corynebacteriaceae;Corynebacterium;Corynebacterium accolens ATCC 49725
UNI82,30,Bacteria;Proteobacteria;Betaproteobacteria;Burkholderiales;Comamonadaceae;Delftia;Delftia acidovorans
UNI1188,29,Bacteria;Proteobacteria;Betaproteobacteria;Neisseriales;Neisseriaceae;Neisseriaceae(F);uncultured bacterium
UNI4114,29,Bacteria;Firmicutes;Bacilli;Bacillales;Bacillaceae;Bacillus;Bacillus coagulans
UNI501,29,Bacteria;Actinobacteria;Actinobacteria;Corynebacteriales;Corynebacteriaceae;Corynebacterium;Corynebacterium accolens ATCC 49725
UNI2960,29,Bacteria;Proteobacteria;Betaproteobacteria;Burkholderiales;Comamonadaceae;Schlegelella;Schlegelella thermodepolymerans
UNI3696,29,Bacteria;Deinococcus-Thermus;Deinococci;Thermales;Thermaceae;Meiothermus;Meiothermus silvanus
UNI2,28,Bacteria;Proteobacteria;Gammaproteobacteria;Xanthomonadales;Xanthomonadaceae;Stenotrophomonas;Stenotrophomonas maltophilia SKK35
UNI2246,27,Bacteria;Proteobacteria;Betaproteobacteria;Neisseriales;Neisseriaceae;Neisseriaceae(F);uncultured bacterium
UNI8753,27,Bacteria;Firmicutes;Negativicutes;Selenomonadales;Veillonellaceae;Veillonella;Veillonella parvula
UNI3282,27,Bacteria;Bacteroidetes;Bacteroidia;Bacteroidales;Prevotellaceae;Prevotella 7;Prevotella baroniae
UNI7023,26,Bacteria;Firmicutes;Bacilli;Bacillales;Bacillaceae;Bacillus;Bacillus thermoamylovorans
UNI3429,26,Bacteria;Proteobacteria;Betaproteobacteria;Burkholderiales;Comamonadaceae;Schlegelella;Schlegelella thermodepolymerans
UNI638,25,Bacteria;Firmicutes;Bacilli;Bacillales;Staphylococcaceae;Staphylococcus;Staphylococcus epidermidis
UNI525,25,Bacteria;Actinobacteria;Actinobacteria;Corynebacteriales;Corynebacteriaceae;Corynebacterium;Corynebacterium accolens ATCC 49725
UNI3584,24,Bacteria;Firmicutes;Bacilli;Bacillales;Bacillaceae;Bacillus;Bacillus coagulans
UNI208,24,Bacteria;Firmicutes;Bacilli;Bacillales;Bacillaceae;Aeribacillus;Aeribacillus pallidus
UNI586,24,Bacteria;Firmicutes;Bacilli;Bacillales;Bacillaceae;Aeribacillus;Aeribacillus pallidus
UNI11732,24,Bacteria;Firmicutes;Bacilli;Bacillales;Bacillaceae;Aeribacillus;Aeribacillus pallidus
UNI2202,23,Bacteria;Firmicutes;Bacilli;Lactobacillales;Lactobacillaceae;Lactobacillus;Lactobacillus fermentum ATCC 14931
UNI1119,23,Bacteria;Proteobacteria;Betaproteobacteria;Neisseriales;Neisseriaceae;Neisseriaceae(F);uncultured bacterium
UNI946,23,Bacteria;Proteobacteria;Betaproteobacteria;Neisseriales;Neisseriaceae;Neisseriaceae(F);uncultured bacterium
UNI90,23,Bacteria;Proteobacteria;Betaproteobacteria;Burkholderiales;Comamonadaceae;Delftia;Delftia acidovorans
UNI489,23,Bacteria;Actinobacteria;Actinobacteria;Corynebacteriales;Corynebacteriaceae;Corynebacterium;Corynebacterium accolens ATCC 49725
UNI11037,23,Bacteria;Firmicutes;Bacilli;Bacillales;Bacillaceae;Calditerricola;Calditerricola satsumensis JCM 14719
UNI4067,23,Bacteria;Firmicutes;Bacilli;Lactobacillales;Lactobacillaceae;Lactobacillus;Lactobacillus iners DSM 13335
UNI4393,22,Bacteria;Firmicutes;Bacilli;Bacillales;Bacillaceae;Aeribacillus;Aeribacillus pallidus
UNI9098,22,Bacteria;Proteobacteria;Alphaproteobacteria;Rhizobiales;Phyllobacteriaceae;Phyllobacterium;Phyllobacterium sp. UNC302MFCol5.2
UNI4902,22,Bacteria;Firmicutes;Bacilli;Lactobacillales;Streptococcaceae;Streptococcus;uncultured bacterium
UNI4360,22,Bacteria;Bacteroidetes;Flavobacteriia;Flavobacteriales;Flavobacteriaceae;Chryseobacterium;Chryseobacterium sp. YR460
UNI4111,22,Bacteria;Actinobacteria;Actinobacteria;Corynebacteriales;Corynebacteriaceae;Corynebacterium;Corynebacterium sp. NML 100378
UNI3967,21,Bacteria;Proteobacteria;Betaproteobacteria;Burkholderiales;Burkholderiaceae;Cupriavidus;Cupriavidus sp. D384
UNI4668,21,Bacteria;Firmicutes;Bacilli;Bacillales;Bacillaceae;Bacillus;Bacillus thermoamylovorans
UNI9820,21,Bacteria;Firmicutes;Bacilli;Lactobacillales;Carnobacteriaceae;Atopostipes;uncultured bacterium
UNI11771,21,Bacteria;Bacteroidetes;Bacteroidia;Bacteroidales;Prevotellaceae;Prevotella;Prevotella oris F0302
UNI5932,20,Bacteria;Deinococcus-Thermus;Deinococci;Deinococcales;Deinococcaceae;Deinococcus;uncultured Deinococcus sp.
UNI92,20,Bacteria;Proteobacteria;Betaproteobacteria;Burkholderiales;Comamonadaceae;Delftia;Delftia acidovorans
UNI3207,19,Bacteria;Firmicutes;Bacilli;Bacillales;Bacillaceae;Calditerricola;Calditerricola satsumensis JCM 14719
UNI4249,19,Bacteria;Actinobacteria;Actinobacteria;Micrococcales;Micrococcaceae;Arthrobacter;Arthrobacter globiformis NBRC 12137
UNI6755,18,Bacteria;Proteobacteria;Gammaproteobacteria;Pseudomonadales;Pseudomonadaceae;Pseudomonas;Pseudomonas sp. ABFPK
UNI519,18,Bacteria;Actinobacteria;Actinobacteria;Corynebacteriales;Corynebacteriaceae;Corynebacterium;Corynebacterium accolens ATCC 49725
UNI675,18,Bacteria;Firmicutes;Bacilli;Bacillales;Staphylococcaceae;Staphylococcus;Staphylococcus epidermidis
UNI1067,18,Bacteria;Actinobacteria;Actinobacteria;Corynebacteriales;Corynebacteriaceae;Corynebacterium;Corynebacterium tuberculostearicum SK141
UNI3100,18,Bacteria;Proteobacteria;Betaproteobacteria;Burkholderiales;Comamonadaceae;Schlegelella;Schlegelella thermodepolymerans
UNI4344,18,Bacteria;Bacteroidetes;Bacteroidia;Bacteroidales;Prevotellaceae;Prevotella;Prevotella maculosa DSM 19339 = JCM 15638
UNI480,18,Bacteria;Actinobacteria;Actinobacteria;Corynebacteriales;Corynebacteriaceae;Corynebacterium;Corynebacterium accolens ATCC 49725
UNI4120,17,Bacteria;Firmicutes;Bacilli;Bacillales;Bacillaceae;Calditerricola;Calditerricola satsumensis JCM 14719
UNI6467,17,Bacteria;Proteobacteria;Gammaproteobacteria;Pseudomonadales;Moraxellaceae;Enhydrobacter;Hydra vulgaris
UNI915,17,Bacteria;Proteobacteria;Betaproteobacteria;Neisseriales;Neisseriaceae;Neisseriaceae(F);uncultured bacterium
UNI687,17,Bacteria;Firmicutes;Bacilli;Bacillales;Bacillaceae;Bacillus;Bacillus thermoamylovorans
UNI7133,17,Bacteria;Proteobacteria;Gammaproteobacteria;Pseudomonadales;Moraxellaceae;Acinetobacter;Acinetobacter sp. NCTC 7422
UNI1938,17,Bacteria;Proteobacteria;Betaproteobacteria;Neisseriales;Neisseriaceae;Neisseriaceae(F);uncultured bacterium
UNI9880,17,Bacteria;Firmicutes;Negativicutes;Selenomonadales;Veillonellaceae;Veillonella;Veillonella tobetsuensis
UNI2675,16,Bacteria;Proteobacteria;Gammaproteobacteria;Pseudomonadales;Moraxellaceae;Acinetobacter;Acinetobacter sp. CJ-S-MA4
UNI6668,16,Bacteria;Proteobacteria;Alphaproteobacteria;Sphingomonadales;Sphingomonadaceae;Sphingomonas;Triatoma brasiliensis
UNI925,16,Bacteria;Proteobacteria;Alphaproteobacteria;Sphingomonadales;Sphingomonadaceae;Sphingomonas;Castanea mollissima (Chinese chestnut)
UNI7953,16,Bacteria;Proteobacteria;Gammaproteobacteria;Pseudomonadales;Pseudomonadaceae;Pseudomonas;Pseudomonas putida OUS82
UNI1044,16,Bacteria;Proteobacteria;Betaproteobacteria;Neisseriales;Neisseriaceae;Neisseriaceae(F);uncultured bacterium
UNI1998,16,Bacteria;Proteobacteria;Gammaproteobacteria;Pseudomonadales;Pseudomonadaceae;Pseudomonas;Squalius pyrenaicus
UNI319,16,Bacteria;Firmicutes;Bacilli;Bacillales;Bacillaceae;Bacillus;Bacillus sp. KW-12
UNI6078,16,Bacteria;Actinobacteria;Actinobacteria;Corynebacteriales;Corynebacteriaceae;Corynebacterium;Corynebacterium sp. GD7
UNI4447,16,Bacteria;Firmicutes;Bacilli;Bacillales;Bacillaceae;Aeribacillus;Aeribacillus pallidus
UNI1847,16,Bacteria;Deinococcus-Thermus;Deinococci;Deinococcales;Deinococcaceae;Deinococcus;Deinococcus geothermalis
UNI742,15,Bacteria;Firmicutes;Bacilli;Bacillales;Bacillaceae;Bacillus;Bacillus coagulans DSM 1 = ATCC 7050
UNI4739,15,Bacteria;Proteobacteria;Gammaproteobacteria;Enterobacteriales;Enterobacteriaceae;Klebsiella;Klebsiella sp. AS10
UNI4828,15,Bacteria;Firmicutes;Bacilli;Lactobacillales;Lactobacillaceae;Lactobacillus;Lactobacillus iners DSM 13335
UNI1932,15,Bacteria;Deinococcus-Thermus;Deinococci;Deinococcales;Deinococcaceae;Deinococcus;Deinococcus geothermalis
UNI10482,14,Bacteria;Proteobacteria;Gammaproteobacteria;Xanthomonadales;Xanthomonadaceae;Stenotrophomonas;Stenotrophomonas maltophilia
UNI6416,14,Bacteria;Proteobacteria;Gammaproteobacteria;Pseudomonadales;Moraxellaceae;Enhydrobacter;Hydra vulgaris
UNI947,14,Bacteria;Proteobacteria;Alphaproteobacteria;Sphingomonadales;Sphingomonadaceae;Sphingomonas;Castanea mollissima (Chinese chestnut)
UNI6978,14,Bacteria;Proteobacteria;Gammaproteobacteria;Pseudomonadales;Pseudomonadaceae;Pseudomonas;Pseudomonas sp. RIT-PI-o
UNI534,14,Bacteria;Actinobacteria;Actinobacteria;Corynebacteriales;Corynebacteriaceae;Corynebacterium;Corynebacterium accolens ATCC 49725
UNI4985,14,Bacteria;Firmicutes;Bacilli;Lactobacillales;Streptococcaceae;Lactococcus;Lactococcus lactis
UNI490,14,Bacteria;Actinobacteria;Actinobacteria;Corynebacteriales;Corynebacteriaceae;Corynebacterium;Corynebacterium accolens ATCC 49725
UNI5331,14,Bacteria;Chloroflexi;Chloroflexi Incertae Sedis;Unknown Order;Unknown Family;Thermobaculum;Thermobaculum terrenum
UNI276,14,Bacteria;Firmicutes;Bacilli;Bacillales;Bacillaceae;Bacillus;Bacillus sp. KW-12
UNI1021,13,Bacteria;Proteobacteria;Alphaproteobacteria;Sphingomonadales;Sphingomonadaceae;Sphingomonas;Castanea mollissima (Chinese chestnut)
UNI975,13,Bacteria;Proteobacteria;Betaproteobacteria;Neisseriales;Neisseriaceae;Neisseriaceae(F);uncultured bacterium
UNI4583,13,Bacteria;Proteobacteria;Betaproteobacteria;Burkholderiales;Burkholderiaceae;Cupriavidus;Cupriavidus sp. D384
UNI7391,13,Bacteria;Actinobacteria;Actinobacteria;Corynebacteriales;Corynebacteriaceae;Corynebacterium;Corynebacterium sp. GD7
UNI5380,13,Bacteria;Actinobacteria;Actinobacteria;Corynebacteriales;Corynebacteriaceae;Corynebacterium;Corynebacterium sp. HFH0082
UNI333,13,Bacteria;Firmicutes;Bacilli;Bacillales;Bacillaceae;Geobacillus;Geobacillus caldoxylosilyticus
UNI496,13,Bacteria;Firmicutes;Clostridia;Thermoanaerobacterales;Family III;Caldicellulosiruptor;Caldicellulosiruptor acetigenus DSM 7040
UNI16,13,Bacteria;Proteobacteria;Gammaproteobacteria;Xanthomonadales;Xanthomonadaceae;Stenotrophomonas;Stenotrophomonas maltophilia SKK35
UNI7044,12,Bacteria;Proteobacteria;Gammaproteobacteria;Pseudomonadales;Moraxellaceae;Acinetobacter;Acinetobacter sp. NCTC 7422
UNI106,12,Bacteria;Proteobacteria;Betaproteobacteria;Burkholderiales;Comamonadaceae;Delftia;Delftia acidovorans
UNI2016,12,Bacteria;Proteobacteria;Gammaproteobacteria;Pseudomonadales;Pseudomonadaceae;Pseudomonas;Squalius pyrenaicus
UNI8487,12,Bacteria;Proteobacteria;Betaproteobacteria;Burkholderiales;Burkholderiaceae;Ralstonia;Ralstonia sp. NT80
UNI88,12,Bacteria;Proteobacteria;Betaproteobacteria;Burkholderiales;Comamonadaceae;Delftia;Delftia acidovorans
UNI98,12,Bacteria;Proteobacteria;Betaproteobacteria;Burkholderiales;Comamonadaceae;Delftia;Delftia acidovorans
UNI4699,12,Bacteria;Bacteroidetes;Bacteroidia;Bacteroidales;Prevotellaceae;Prevotella;Prevotella maculosa DSM 19339 = JCM 15638
UNI12045,12,Bacteria;Actinobacteria;Actinobacteria;Corynebacteriales;Corynebacteriaceae;Corynebacterium;Corynebacterium tuberculostearicum SK141
UNI1089,12,Bacteria;Actinobacteria;Actinobacteria;Corynebacteriales;Corynebacteriaceae;Corynebacterium;Corynebacterium tuberculostearicum SK141
UNI3611,12,Bacteria;Actinobacteria;Actinobacteria;Corynebacteriales;Corynebacteriaceae;Corynebacterium;Corynebacterium sp. NML 100378
UNI518,12,Bacteria;Actinobacteria;Actinobacteria;Corynebacteriales;Corynebacteriaceae;Corynebacterium;Corynebacterium accolens ATCC 49725
UNI574,12,Bacteria;Actinobacteria;Actinobacteria;Corynebacteriales;Corynebacteriaceae;Corynebacterium;Corynebacterium accolens ATCC 49725
UNI6109,12,Bacteria;Firmicutes;Clostridia;Thermoanaerobacterales;Family III;Caldicellulosiruptor;Caldicellulosiruptor acetigenus DSM 7040
UNI3038,12,Bacteria;Proteobacteria;Alphaproteobacteria;Sphingomonadales;Sphingomonadaceae;Sphingomonas;Triatoma brasiliensis
UNI493,12,Bacteria;Firmicutes;Clostridia;Thermoanaerobacterales;Family III;Caldicellulosiruptor;Caldicellulosiruptor acetigenus DSM 7040
UNI209,12,Bacteria;Firmicutes;Bacilli;Bacillales;Bacillaceae;Aeribacillus;Aeribacillus pallidus
UNI3275,11,Bacteria;Proteobacteria;Gammaproteobacteria;Enterobacteriales;Enterobacteriaceae;Citrobacter;Citrobacter freundii UCI 32
UNI3509,11,Bacteria;Proteobacteria;Alphaproteobacteria;Sphingomonadales;Sphingomonadaceae;Sphingomonas;Triatoma brasiliensis
UNI744,11,Bacteria;Firmicutes;Bacilli;Bacillales;Staphylococcaceae;Staphylococcus;Staphylococcus epidermidis
UNI982,11,Bacteria;Proteobacteria;Betaproteobacteria;Neisseriales;Neisseriaceae;Neisseriaceae(F);uncultured bacterium
UNI6140,11,Bacteria;Proteobacteria;Gammaproteobacteria;Pseudomonadales;Moraxellaceae;Acinetobacter;Acinetobacter bereziniae LMG 1003 = CIP 70.12
UNI135,11,Bacteria;Proteobacteria;Betaproteobacteria;Burkholderiales;Comamonadaceae;Delftia;Delftia acidovorans
UNI4936,11,Bacteria;Firmicutes;Bacilli;Bacillales;Bacillaceae;Bacillus;Bacillus thermoamylovorans
UNI7805,11,Bacteria;Firmicutes;Negativicutes;Selenomonadales;Veillonellaceae;Veillonella;Veillonella parvula
UNI548,11,Bacteria;Actinobacteria;Actinobacteria;Micrococcales;Microbacteriaceae;Leifsonia;Leifsonia aquatica ATCC 14665
UNI653,11,Bacteria;Actinobacteria;Actinobacteria;Micrococcales;Microbacteriaceae;Leifsonia;Leifsonia aquatica ATCC 14665
UNI102,11,Bacteria;Proteobacteria;Betaproteobacteria;Burkholderiales;Comamonadaceae;Delftia;Delftia acidovorans
UNI54,11,Bacteria;Proteobacteria;Betaproteobacteria;Burkholderiales;Alcaligenaceae;Achromobacter;Achromobacter sp. HZ01
UNI9,10,Bacteria;Proteobacteria;Gammaproteobacteria;Xanthomonadales;Xanthomonadaceae;Stenotrophomonas;Stenotrophomonas maltophilia SKK35
UNI9554,10,Bacteria;Firmicutes;Bacilli;Bacillales;Listeriaceae;Brochothrix;bacterium RFB H08
UNI11843,10,Bacteria;Proteobacteria;Betaproteobacteria;Neisseriales;Neisseriaceae;Neisseriaceae(F);uncultured bacterium
UNI990,10,Bacteria;Actinobacteria;Actinobacteria;Corynebacteriales;Corynebacteriaceae;Corynebacterium;Corynebacterium kroppenstedtii
UNI1069,10,Bacteria;Proteobacteria;Alphaproteobacteria;Sphingomonadales;Sphingomonadaceae;Sphingomonas;Castanea mollissima (Chinese chestnut)
UNI3508,10,Bacteria;Firmicutes;Bacilli;Bacillales;Bacillaceae;Calditerricola;Calditerricola satsumensis JCM 14719
UNI3088,10,Bacteria;Proteobacteria;Alphaproteobacteria;Sphingomonadales;Sphingomonadaceae;Sphingomonas;Triatoma brasiliensis
UNI8696,10,Bacteria;Proteobacteria;Alphaproteobacteria;Rhizobiales;Phyllobacteriaceae;Phyllobacterium;Phyllobacterium sp. UNC302MFCol5.2
UNI4479,10,Bacteria;Proteobacteria;Gammaproteobacteria;Pseudomonadales;Moraxellaceae;Acinetobacter;Acinetobacter sp. NIPH 2171
UNI5025,10,Bacteria;Proteobacteria;Gammaproteobacteria;Pseudomonadales;Moraxellaceae;Acinetobacter;Acinetobacter sp. NIPH 2171
UNI1685,10,Bacteria;Firmicutes;Bacilli;Lactobacillales;Streptococcaceae;Streptococcus;Streptococcus pneumoniae
UNI3460,10,Bacteria;Proteobacteria;Betaproteobacteria;Burkholderiales;Comamonadaceae;Schlegelella;Schlegelella thermodepolymerans
UNI4890,10,Bacteria;Firmicutes;Bacilli;Lactobacillales;Streptococcaceae;Streptococcus;uncultured bacterium
UNI6696,10,Bacteria;Firmicutes;Bacilli;Bacillales;Staphylococcaceae;Staphylococcus;uncultured bacterium
UNI7685,10,Bacteria;Deinococcus-Thermus;Deinococci;Thermales;Thermaceae;Thermus;Thermus parvatiensis
UNI558,10,Bacteria;Actinobacteria;Actinobacteria;Corynebacteriales;Corynebacteriaceae;Corynebacterium;Corynebacterium accolens ATCC 49725
UNI7171,10,Bacteria;Actinobacteria;Actinobacteria;Corynebacteriales;Corynebacteriaceae;Corynebacterium;uncultured bacterium
UNI6231,10,Bacteria;Proteobacteria;Alphaproteobacteria;Rhizobiales;Bradyrhizobiaceae;uncultured;Afipia sp. P52-10
UNI5816,10,Bacteria;Firmicutes;Clostridia;Thermoanaerobacterales;Family III;Caldicellulosiruptor;Caldicellulosiruptor acetigenus DSM 7040
UNI3150,9,Bacteria;Proteobacteria;Gammaproteobacteria;Pseudomonadales;Pseudomonadaceae;Pseudomonas;Pseudomonas aeruginosa MH38
UNI3448,9,Bacteria;Proteobacteria;Gammaproteobacteria;Enterobacteriales;Enterobacteriaceae;Citrobacter;Citrobacter freundii UCI 32
UNI694,9,Bacteria;Firmicutes;Bacilli;Bacillales;Bacillaceae;Bacillus;Bacillus licheniformis
UNI2495,9,Bacteria;Firmicutes;Bacilli;Bacillales;Bacillaceae;Bacillus;Bacillus coagulans DSM 1 = ATCC 7050
UNI3191,9,Bacteria;Proteobacteria;Gammaproteobacteria;Xanthomonadales;Xanthomonadaceae;Stenotrophomonas;Stenotrophomonas maltophilia
UNI4296,9,Bacteria;Firmicutes;Bacilli;Bacillales;Bacillaceae;Aeribacillus;Aeribacillus pallidus
UNI8266,9,Bacteria;Proteobacteria;Gammaproteobacteria;Pseudomonadales;Pseudomonadaceae;Pseudomonas;Pseudomonas putida OUS82
UNI1939,9,Bacteria;Deinococcus-Thermus;Deinococci;Thermales;Thermaceae;Thermus;Thermus amyloliquefaciens
UNI273,9,Bacteria;Firmicutes;Bacilli;Bacillales;Bacillaceae;Bacillus;Bacillus sp. KW-12
UNI7766,9,Bacteria;Proteobacteria;Betaproteobacteria;Burkholderiales;Comamonadaceae;Pelomonas;Pelomonas aquatica
UNI3969,9,Bacteria;Bacteroidetes;Bacteroidia;Bacteroidales;Prevotellaceae;Prevotella;Prevotella maculosa DSM 19339 = JCM 15638
UNI7427,9,Bacteria;Actinobacteria;Actinobacteria;Corynebacteriales;Corynebacteriaceae;Corynebacterium;Corynebacterium tuberculostearicum SK141
UNI583,9,Bacteria;Actinobacteria;Actinobacteria;Corynebacteriales;Corynebacteriaceae;Corynebacterium;Corynebacterium accolens ATCC 49725
UNI613,9,Bacteria;Actinobacteria;Actinobacteria;Corynebacteriales;Corynebacteriaceae;Corynebacterium;Corynebacterium accolens ATCC 49725
UNI7870,9,Bacteria;Saccharibacteria;uncultured bacterium
UNI211,9,Bacteria;Firmicutes;Bacilli;Bacillales;Bacillaceae;Aeribacillus;Aeribacillus pallidus
UNI513,9,Bacteria;Firmicutes;Clostridia;Thermoanaerobacterales;Family III;Caldicellulosiruptor;Caldicellulosiruptor acetigenus DSM 7040
UNI3561,8,Bacteria;Proteobacteria;Gammaproteobacteria;Pseudomonadales;Pseudomonadaceae;Pseudomonas;Pseudomonas aeruginosa MH38
UNI3309,8,Bacteria;Proteobacteria;Gammaproteobacteria;Enterobacteriales;Enterobacteriaceae;Citrobacter;Citrobacter freundii UCI 32
UNI755,8,Bacteria;Firmicutes;Bacilli;Bacillales;Bacillaceae;Bacillus;Bacillus licheniformis
UNI5214,8,Bacteria;Proteobacteria;Gammaproteobacteria;Enterobacteriales;Enterobacteriaceae;Klebsiella;Klebsiella sp. AS10
UNI956,8,Bacteria;Actinobacteria;Actinobacteria;Corynebacteriales;Corynebacteriaceae;Corynebacterium;Corynebacterium kroppenstedtii
UNI62,8,Bacteria;Proteobacteria;Betaproteobacteria;Burkholderiales;Alcaligenaceae;Achromobacter;Achromobacter sp. HZ01
UNI790,8,Bacteria;Firmicutes;Bacilli;Bacillales;Staphylococcaceae;Staphylococcus;Staphylococcus epidermidis
UNI4180,8,Bacteria;Firmicutes;Bacilli;Bacillales;Staphylococcaceae;Staphylococcus;Staphylococcus haemolyticus DNF00585
UNI7755,8,Bacteria;Firmicutes;Bacilli;Lactobacillales;Carnobacteriaceae;Alloiococcus;Alloiococcus otitis ATCC 51267
UNI8524,8,Bacteria;Firmicutes;Bacilli;Lactobacillales;Carnobacteriaceae;Atopostipes;uncultured feedlot manure bacterium B32
UNI3904,8,Bacteria;Bacteroidetes;Bacteroidia;Bacteroidales;Prevotellaceae;Prevotella 7;Prevotella baroniae
UNI5371,8,Bacteria;Bacteroidetes;Flavobacteriia;Flavobacteriales;Flavobacteriaceae;Chryseobacterium;Chryseobacterium sp. YR460
UNI6075,8,Bacteria;Actinobacteria;Actinobacteria;Corynebacteriales;Corynebacteriaceae;Corynebacterium;Corynebacterium sp. GD7
UNI4305,8,Bacteria;Actinobacteria;Actinobacteria;Micrococcales;Micrococcaceae;Arthrobacter;Arthrobacter globiformis NBRC 12137
UNI614,8,Bacteria;Actinobacteria;Actinobacteria;Corynebacteriales;Corynebacteriaceae;Corynebacterium;Corynebacterium accolens ATCC 49725
UNI478,8,Bacteria;Actinobacteria;Actinobacteria;Micrococcales;Microbacteriaceae;Leifsonia;Leifsonia aquatica ATCC 14665
UNI507,8,Bacteria;Actinobacteria;Actinobacteria;Micrococcales;Microbacteriaceae;Leifsonia;Leifsonia aquatica ATCC 14665
UNI3061,8,Bacteria;Proteobacteria;Alphaproteobacteria;Sphingomonadales;Sphingomonadaceae;Sphingomonas;Solanum lycopersicum (tomato)
UNI3173,8,Bacteria;Proteobacteria;Alphaproteobacteria;Sphingomonadales;Sphingomonadaceae;Sphingomonas;Triatoma brasiliensis
UNI7750,8,Bacteria;Deinococcus-Thermus;Deinococci;Deinococcales;Trueperaceae;Truepera;Truepera radiovictrix
UNI241,8,Bacteria;Proteobacteria;Betaproteobacteria;Neisseriales;Neisseriaceae;Neisseriaceae(F);uncultured bacterium
UNI734,7,Bacteria;Firmicutes;Bacilli;Bacillales;Bacillaceae;Bacillus;Bacillus licheniformis
UNI5775,7,Bacteria;Proteobacteria;Gammaproteobacteria;Pseudomonadales;Moraxellaceae;Enhydrobacter;Hydra vulgaris
UNI270,7,Bacteria;Firmicutes;Bacilli;Bacillales;Bacillaceae;Bacillus;Bacillus sp. KW-12
UNI576,7,Bacteria;Actinobacteria;Actinobacteria;Corynebacteriales;Corynebacteriaceae;Corynebacterium;Corynebacterium accolens ATCC 49725
UNI1041,7,Bacteria;Proteobacteria;Betaproteobacteria;Neisseriales;Neisseriaceae;Neisseriaceae(F);uncultured bacterium
UNI853,7,Bacteria;Firmicutes;Bacilli;Bacillales;Staphylococcaceae;Staphylococcus;Staphylococcus epidermidis
UNI973,7,Bacteria;Actinobacteria;Actinobacteria;Corynebacteriales;Corynebacteriaceae;Corynebacterium;Corynebacterium kroppenstedtii
UNI12270,7,Bacteria;Actinobacteria;Actinobacteria;Corynebacteriales;Corynebacteriaceae;Corynebacterium;Corynebacterium tuberculostearicum SK141
UNI3930,7,Bacteria;Firmicutes;Bacilli;Bacillales;Bacillaceae;Bacillus;Bacillus coagulans
UNI262,7,Bacteria;Firmicutes;Bacilli;Bacillales;Bacillaceae;Aeribacillus;Aeribacillus pallidus
UNI8554,7,Bacteria;Firmicutes;Bacilli;Lactobacillales;Carnobacteriaceae;Atopostipes;uncultured feedlot manure bacterium B32
UNI9211,7,Bacteria;Firmicutes;Bacilli;Lactobacillales;Carnobacteriaceae;Atopostipes;uncultured feedlot manure bacterium B32
UNI3629,7,Bacteria;Bacteroidetes;Bacteroidia;Bacteroidales;Prevotellaceae;Prevotella 7;Prevotella baroniae
UNI9459,7,Bacteria;Bacteroidetes;Flavobacteriia;Flavobacteriales;Flavobacteriaceae;Empedobacter;Flavobacterium sp. IICDBZ3
UNI1957,7,Bacteria;Deinococcus-Thermus;Deinococci;Deinococcales;Deinococcaceae;Deinococcus;Deinococcus geothermalis
UNI514,7,Bacteria;Actinobacteria;Actinobacteria;Corynebacteriales;Corynebacteriaceae;Corynebacterium;Corynebacterium accolens ATCC 49725
UNI545,7,Bacteria;Actinobacteria;Actinobacteria;Corynebacteriales;Corynebacteriaceae;Corynebacterium;Corynebacterium accolens ATCC 49725
UNI6056,7,Bacteria;Actinobacteria;Actinobacteria;Corynebacteriales;Corynebacteriaceae;Corynebacterium;Corynebacterium sp. HFH0082
UNI9662,7,Bacteria;Actinobacteria;Actinobacteria;Micrococcales;Micrococcaceae;Rothia;Rothia mucilaginosa ATCC 25296
UNI6836,7,Bacteria;Actinobacteria;Actinobacteria;Corynebacteriales;Mycobacteriaceae;Mycobacterium;Mycobacterium abscessus MAB_030201_1075
UNI6116,7,Bacteria;Proteobacteria;Alphaproteobacteria;Sphingomonadales;Sphingomonadaceae;Sphingomonas;Sphingomonas sp. JGI 0001002-A17
UNI7394,7,Bacteria;Proteobacteria;Alphaproteobacteria;Rhizobiales;Rhizobiaceae;Rhizobium;Agrobacterium tumefaciens WRT31
UNI2291,7,Bacteria;Firmicutes;Clostridia;Thermoanaerobacterales;Family III;Thermoanaerobacterium;Thermoanaerobacterium bryantii
UNI3705,6,Bacteria;Proteobacteria;Gammaproteobacteria;Enterobacteriales;Enterobacteriaceae;Citrobacter;Citrobacter freundii UCI 32
UNI17,6,Bacteria;Proteobacteria;Gammaproteobacteria;Xanthomonadales;Xanthomonadaceae;Stenotrophomonas;Stenotrophomonas maltophilia SKK35
UNI105,6,Bacteria;Proteobacteria;Betaproteobacteria;Burkholderiales;Comamonadaceae;Delftia;Delftia acidovorans
UNI280,6,Bacteria;Firmicutes;Bacilli;Bacillales;Bacillaceae;Bacillus;Bacillus sp. KW-12
UNI3334,6,Bacteria;Proteobacteria;Alphaproteobacteria;Sphingomonadales;Sphingomonadaceae;Sphingopyxis;Sphingopyxis sp. C-1
UNI1794,6,Bacteria;Firmicutes;Bacilli;Lactobacillales;Streptococcaceae;Streptococcus;Streptococcus pneumoniae
UNI2081,6,Bacteria;Proteobacteria;Gammaproteobacteria;Pseudomonadales;Pseudomonadaceae;Pseudomonas;Squalius pyrenaicus
UNI4490,6,Bacteria;Firmicutes;Bacilli;Bacillales;Bacillaceae;Bacillus;Bacillus sp. KW-12
UNI7369,6,Bacteria;Proteobacteria;Gammaproteobacteria;Pseudomonadales;Pseudomonadaceae;Pseudomonas;Squalius pyrenaicus
UNI8551,6,Bacteria;Proteobacteria;Betaproteobacteria;Burkholderiales;Burkholderiaceae;Ralstonia;Ralstonia sp. NT80
UNI8770,6,Bacteria;Firmicutes;Bacilli;Bacillales;Bacillaceae;Bacillus;Bacillus thermoamylovorans
UNI8909,6,Bacteria;Proteobacteria;Gammaproteobacteria;Xanthomonadales;Xanthomonadaceae;Stenotrophomonas;Stenotrophomonas nitritireducens
UNI554,6,Bacteria;Actinobacteria;Actinobacteria;Corynebacteriales;Corynebacteriaceae;Corynebacterium;Corynebacterium accolens ATCC 49725
UNI587,6,Bacteria;Actinobacteria;Actinobacteria;Corynebacteriales;Corynebacteriaceae;Corynebacterium;Corynebacterium accolens ATCC 49725
UNI11078,6,Bacteria;Actinobacteria;Actinobacteria;Micrococcales;Micrococcaceae;Rothia;Rothia mucilaginosa ATCC 25296
UNI1099,6,Bacteria;Proteobacteria;Alphaproteobacteria;Sphingomonadales;Sphingomonadaceae;Sphingomonas;Castanea mollissima (Chinese chestnut)
UNI1168,6,Bacteria;Proteobacteria;Alphaproteobacteria;Sphingomonadales;Sphingomonadaceae;Sphingomonas;Castanea mollissima (Chinese chestnut)
UNI2887,6,Bacteria;Proteobacteria;Alphaproteobacteria;Sphingomonadales;Sphingomonadaceae;Sphingopyxis;Sphingopyxis sp. C-1
UNI3065,6,Bacteria;Proteobacteria;Alphaproteobacteria;Sphingomonadales;Sphingomonadaceae;Sphingopyxis;Sphingopyxis sp. C-1
UNI3232,6,Bacteria;Proteobacteria;Alphaproteobacteria;Sphingomonadales;Sphingomonadaceae;Sphingopyxis;Sphingopyxis sp. C-1
UNI7167,6,Bacteria;Firmicutes;Clostridia;Clostridiales;Family XI;Peptoniphilus;Peptoniphilus rhinitidis 1-13
UNI3565,5,Bacteria;Proteobacteria;Gammaproteobacteria;Enterobacteriales;Enterobacteriaceae;Citrobacter;Citrobacter freundii UCI 32
UNI3890,5,Bacteria;Proteobacteria;Gammaproteobacteria;Enterobacteriales;Enterobacteriaceae;Citrobacter;Citrobacter freundii UCI 32
UNI6990,5,Bacteria;Actinobacteria;Actinobacteria;Bifidobacteriales;Bifidobacteriaceae;Scardovia;Scardovia wiggsiae F0424
UNI6811,5,Bacteria;Proteobacteria;Gammaproteobacteria;Pseudomonadales;Pseudomonadaceae;Pseudomonas;Pseudomonas sp. ABFPK
UNI6769,5,Bacteria;Proteobacteria;Gammaproteobacteria;Pseudomonadales;Pseudomonadaceae;Pseudomonas;Pseudomonas sp. ABFPK
UNI523,5,Bacteria;Firmicutes;Clostridia;Thermoanaerobacterales;Family III;Caldicellulosiruptor;Caldicellulosiruptor acetigenus DSM 7040
UNI237,5,Bacteria;Firmicutes;Bacilli;Bacillales;Bacillaceae;Aeribacillus;Aeribacillus pallidus
UNI224,5,Bacteria;Firmicutes;Bacilli;Bacillales;Bacillaceae;Aeribacillus;Aeribacillus pallidus
UNI801,5,Bacteria;Firmicutes;Bacilli;Bacillales;Bacillaceae;Aeribacillus;Aeribacillus pallidus
UNI1707,5,Bacteria;Firmicutes;Bacilli;Lactobacillales;Streptococcaceae;Streptococcus;Streptococcus pneumoniae
UNI24,5,Bacteria;Proteobacteria;Gammaproteobacteria;Xanthomonadales;Xanthomonadaceae;Stenotrophomonas;Stenotrophomonas maltophilia SKK35
UNI5193,5,Bacteria;Proteobacteria;Betaproteobacteria;Burkholderiales;Alcaligenaceae;Achromobacter;Alcaligenes sp. STC1
UNI818,5,Bacteria;Firmicutes;Bacilli;Bacillales;Staphylococcaceae;Staphylococcus;Staphylococcus epidermidis
UNI547,5,Bacteria;Actinobacteria;Actinobacteria;Corynebacteriales;Corynebacteriaceae;Corynebacterium;Corynebacterium accolens ATCC 49725
UNI882,5,Bacteria;Proteobacteria;Alphaproteobacteria;Sphingomonadales;Sphingomonadaceae;Sphingomonas;Castanea mollissima (Chinese chestnut)
UNI343,5,Bacteria;Firmicutes;Bacilli;Bacillales;Bacillaceae;Aeribacillus;Aeribacillus pallidus
UNI4495,5,Bacteria;Firmicutes;Bacilli;Bacillales;Bacillaceae;Aeribacillus;Aeribacillus pallidus
UNI5393,5,Bacteria;Firmicutes;Bacilli;Bacillales;Bacillaceae;Aeribacillus;Aeribacillus pallidus
UNI6302,5,Bacteria;Proteobacteria;Gammaproteobacteria;Pseudomonadales;Moraxellaceae;Acinetobacter;Acinetobacter bereziniae LMG 1003 = CIP 70.12
UNI1078,5,Bacteria;Proteobacteria;Betaproteobacteria;Neisseriales;Neisseriaceae;Neisseriaceae(F);uncultured bacterium
UNI119,5,Bacteria;Proteobacteria;Betaproteobacteria;Burkholderiales;Comamonadaceae;Delftia;Delftia acidovorans
UNI22,5,Bacteria;Proteobacteria;Gammaproteobacteria;Xanthomonadales;Xanthomonadaceae;Stenotrophomonas;Stenotrophomonas maltophilia SKK35
UNI316,5,Bacteria;Firmicutes;Bacilli;Bacillales;Bacillaceae;Bacillus;Bacillus sp. KW-12
UNI4463,5,Bacteria;Firmicutes;Bacilli;Bacillales;Staphylococcaceae;Staphylococcus;Staphylococcus haemolyticus DNF00585
UNI7516,5,Bacteria;Firmicutes;Bacilli;Bacillales;Staphylococcaceae;Staphylococcus;uncultured bacterium
UNI785,5,Bacteria;Firmicutes;Bacilli;Bacillales;Bacillaceae;Bacillus;Bacillus thermoamylovorans
UNI8264,5,Bacteria;Proteobacteria;Gammaproteobacteria;Pseudomonadales;Pseudomonadaceae;Pseudomonas;Pseudomonas putida OUS82
UNI8103,5,Bacteria;Firmicutes;Bacilli;Lactobacillales;Carnobacteriaceae;Dolosigranulum;Dolosigranulum pigrum ATCC 51524
UNI10888,5,Bacteria;Actinobacteria;Actinobacteria;Corynebacteriales;Corynebacteriaceae;Corynebacterium;Corynebacterium sp. NML 100378
UNI530,5,Bacteria;Actinobacteria;Actinobacteria;Corynebacteriales;Corynebacteriaceae;Corynebacterium;Corynebacterium accolens ATCC 49725
UNI5798,5,Bacteria;Firmicutes;Clostridia;Thermoanaerobacterales;Family III;Caldicellulosiruptor;Caldicellulosiruptor acetigenus DSM 7040
UNI6691,5,Bacteria;Firmicutes;Clostridia;Thermoanaerobacterales;Family III;Caldicellulosiruptor;Caldicellulosiruptor acetigenus DSM 7040
UNI6703,5,Bacteria;Firmicutes;Clostridia;Thermoanaerobacterales;Family III;Caldicellulosiruptor;Caldicellulosiruptor acetigenus DSM 7040
UNI7308,5,Bacteria;Firmicutes;Clostridia;Thermoanaerobacterales;Family III;Caldicellulosiruptor;Caldicellulosiruptor acetigenus DSM 7040
UNI1133,5,Bacteria;Proteobacteria;Alphaproteobacteria;Sphingomonadales;Sphingomonadaceae;Sphingomonas;Castanea mollissima (Chinese chestnut)
UNI2945,5,Bacteria;Proteobacteria;Alphaproteobacteria;Sphingomonadales;Sphingomonadaceae;Sphingopyxis;Sphingopyxis sp. C-1
UNI2959,5,Bacteria;Proteobacteria;Alphaproteobacteria;Sphingomonadales;Sphingomonadaceae;Sphingopyxis;Sphingopyxis sp. C-1
UNI3209,5,Bacteria;Proteobacteria;Alphaproteobacteria;Sphingomonadales;Sphingomonadaceae;Sphingomonas;Triatoma brasiliensis
UNI3237,5,Bacteria;Proteobacteria;Alphaproteobacteria;Sphingomonadales;Sphingomonadaceae;Sphingopyxis;Sphingopyxis sp. C-1
UNI3332,5,Bacteria;Proteobacteria;Alphaproteobacteria;Sphingomonadales;Sphingomonadaceae;Sphingopyxis;Sphingopyxis sp. C-1
UNI6349,5,Bacteria;Proteobacteria;Alphaproteobacteria;Sphingomonadales;Sphingomonadaceae;Sphingomonas;Sphingomonas sp. JGI 0001002-A17
UNI6536,5,Bacteria;Proteobacteria;Alphaproteobacteria;Rhizobiales;Bradyrhizobiaceae;uncultured;Afipia sp. P52-10
UNI6375,5,Bacteria;Deinococcus-Thermus;Deinococci;Thermales;Thermaceae;Meiothermus;Meiothermus silvanus
UNI7405,4,Bacteria;Firmicutes;Bacilli;Lactobacillales;Enterococcaceae;Enterococcus;Enterococcus faecalis EnGen0405
UNI4089,4,Bacteria;Proteobacteria;Gammaproteobacteria;Enterobacteriales;Enterobacteriaceae;Citrobacter;Citrobacter freundii UCI 32
UNI3104,4,Bacteria;Proteobacteria;Alphaproteobacteria;Sphingomonadales;Sphingomonadaceae;Sphingopyxis;Sphingopyxis sp. C-1
UNI4482,4,Bacteria;Firmicutes;Bacilli;Bacillales;Bacillaceae;Aeribacillus;Aeribacillus pallidus
UNI6810,4,Bacteria;Proteobacteria;Gammaproteobacteria;Pseudomonadales;Pseudomonadaceae;Pseudomonas;Pseudomonas sp. ABFPK
UNI210,4,Bacteria;Firmicutes;Bacilli;Bacillales;Bacillaceae;Aeribacillus;Aeribacillus pallidus
UNI14,4,Bacteria;Proteobacteria;Gammaproteobacteria;Xanthomonadales;Xanthomonadaceae;Stenotrophomonas;Stenotrophomonas maltophilia SKK35
UNI1167,4,Bacteria;Proteobacteria;Alphaproteobacteria;Sphingomonadales;Sphingomonadaceae;Sphingomonas;Castanea mollissima (Chinese chestnut)
UNI234,4,Bacteria;Firmicutes;Bacilli;Bacillales;Bacillaceae;Aeribacillus;Aeribacillus pallidus
UNI4333,4,Bacteria;Firmicutes;Bacilli;Bacillales;Bacillaceae;Aeribacillus;Aeribacillus pallidus
UNI6126,4,Bacteria;Proteobacteria;Gammaproteobacteria;Pseudomonadales;Moraxellaceae;Acinetobacter;Acinetobacter bereziniae LMG 1003 = CIP 70.12
UNI7333,4,Bacteria;Proteobacteria;Gammaproteobacteria;Pseudomonadales;Moraxellaceae;Acinetobacter;Acinetobacter bereziniae LMG 1003 = CIP 70.12
UNI7440,4,Bacteria;Proteobacteria;Gammaproteobacteria;Pseudomonadales;Moraxellaceae;Acinetobacter;Acinetobacter sp. NCTC 7422
UNI1062,4,Bacteria;Proteobacteria;Betaproteobacteria;Neisseriales;Neisseriaceae;Neisseriaceae(F);uncultured bacterium
UNI10691,4,Bacteria;Firmicutes;Bacilli;Lactobacillales;Streptococcaceae;Streptococcus;Streptococcus sp. XJ149-N3-2
UNI1230,4,Bacteria;Proteobacteria;Betaproteobacteria;Neisseriales;Neisseriaceae;Neisseriaceae(F);uncultured bacterium
UNI136,4,Bacteria;Proteobacteria;Betaproteobacteria;Burkholderiales;Comamonadaceae;Delftia;Delftia acidovorans
UNI1694,4,Bacteria;Firmicutes;Bacilli;Lactobacillales;Streptococcaceae;Streptococcus;Streptococcus pneumoniae
UNI2027,4,Bacteria;Firmicutes;Bacilli;Lactobacillales;Streptococcaceae;Streptococcus;Streptococcus pneumoniae
UNI2046,4,Bacteria;Proteobacteria;Gammaproteobacteria;Pseudomonadales;Pseudomonadaceae;Pseudomonas;Squalius pyrenaicus
UNI29,4,Bacteria;Proteobacteria;Gammaproteobacteria;Xanthomonadales;Xanthomonadaceae;Stenotrophomonas;Stenotrophomonas maltophilia SKK35
UNI318,4,Bacteria;Firmicutes;Bacilli;Bacillales;Bacillaceae;Bacillus;Bacillus sp. KW-12
UNI4436,4,Bacteria;Firmicutes;Bacilli;Bacillales;Staphylococcaceae;Staphylococcus;Staphylococcus haemolyticus DNF00585
UNI6975,4,Bacteria;Firmicutes;Negativicutes;Selenomonadales;Veillonellaceae;Veillonella;Veillonella parvula
UNI6983,4,Bacteria;Firmicutes;Negativicutes;Selenomonadales;Veillonellaceae;Veillonella;Veillonella sp. ADV 3107.03
UNI716,4,Bacteria;Firmicutes;Bacilli;Bacillales;Staphylococcaceae;Staphylococcus;Staphylococcus epidermidis
UNI7510,4,Bacteria;Proteobacteria;Betaproteobacteria;Burkholderiales;Comamonadaceae;Aquabacterium;uncultured proteobacterium
UNI777,4,Bacteria;Firmicutes;Bacilli;Bacillales;Staphylococcaceae;Staphylococcus;Staphylococcus epidermidis
UNI8324,4,Bacteria;Firmicutes;Bacilli;Lactobacillales;Carnobacteriaceae;Atopostipes;uncultured feedlot manure bacterium B32
UNI8435,4,Bacteria;Firmicutes;Bacilli;Lactobacillales;Carnobacteriaceae;Atopostipes;uncultured feedlot manure bacterium B32
UNI8561,4,Bacteria;Proteobacteria;Gammaproteobacteria;Pseudomonadales;Pseudomonadaceae;Pseudomonas;Pseudomonas putida OUS82
UNI8886,4,Bacteria;Firmicutes;Bacilli;Lactobacillales;Carnobacteriaceae;Atopostipes;uncultured feedlot manure bacterium B32
UNI9073,4,Bacteria;Firmicutes;Bacilli;Lactobacillales;Carnobacteriaceae;Atopostipes;uncultured feedlot manure bacterium B32
UNI9661,4,Bacteria;Firmicutes;Bacilli;Lactobacillales;Carnobacteriaceae;Atopostipes;uncultured feedlot manure bacterium B32
UNI4424,4,Bacteria;Bacteroidetes;Bacteroidia;Bacteroidales;Prevotellaceae;Prevotella;Prevotella maculosa DSM 19339 = JCM 15638
UNI9388,4,Bacteria;Bacteroidetes;Flavobacteriia;Flavobacteriales;Flavobacteriaceae;Empedobacter;Empedobacter falsenii
UNI7322,4,Bacteria;Deinococcus-Thermus;Deinococci;Deinococcales;Deinococcaceae;Deinococcus;Deinococcus murrayi
UNI1328,4,Bacteria;Actinobacteria;Actinobacteria;Corynebacteriales;Corynebacteriaceae;Corynebacterium;Corynebacterium kroppenstedtii
UNI1309,4,Bacteria;Actinobacteria;Actinobacteria;Corynebacteriales;Corynebacteriaceae;Corynebacterium;Corynebacterium aurimucosum
UNI1374,4,Bacteria;Actinobacteria;Actinobacteria;Corynebacteriales;Corynebacteriaceae;Corynebacterium;Corynebacterium tuberculostearicum SK141
UNI1587,4,Bacteria;Actinobacteria;Actinobacteria;Corynebacteriales;Corynebacteriaceae;Corynebacterium;Corynebacterium tuberculostearicum SK141
UNI591,4,Bacteria;Actinobacteria;Actinobacteria;Corynebacteriales;Corynebacteriaceae;Corynebacterium;Corynebacterium accolens ATCC 49725
UNI655,4,Bacteria;Actinobacteria;Actinobacteria;Corynebacteriales;Corynebacteriaceae;Corynebacterium;Corynebacterium accolens ATCC 49725
UNI5820,4,Bacteria;Actinobacteria;Actinobacteria;Corynebacteriales;Corynebacteriaceae;Corynebacterium;Corynebacterium sp. HFH0082
UNI9665,4,Bacteria;Actinobacteria;Actinobacteria;Micrococcales;Micrococcaceae;Rothia;Rothia mucilaginosa ATCC 25296
UNI522,4,Bacteria;Actinobacteria;Actinobacteria;Micrococcales;Microbacteriaceae;Leifsonia;Leifsonia aquatica ATCC 14665
UNI528,4,Bacteria;Actinobacteria;Actinobacteria;Micrococcales;Microbacteriaceae;Leifsonia;Leifsonia aquatica ATCC 14665
UNI9627,4,Bacteria;Actinobacteria;Actinobacteria;Corynebacteriales;Mycobacteriaceae;Mycobacterium;Mycobacterium sp. UNC280MFTsu5.1
UNI6314,4,Bacteria;Chloroflexi;Chloroflexi Incertae Sedis;Unknown Order;Unknown Family;Thermobaculum;Thermobaculum terrenum
UNI11080,4,Bacteria;Proteobacteria;Alphaproteobacteria;Rhizobiales;Phyllobacteriaceae;Phyllobacterium;Phyllobacterium sp. UNC302MFCol5.2
UNI11795,4,Bacteria;Proteobacteria;Alphaproteobacteria;Rhizobiales;Bradyrhizobiaceae;Bradyrhizobium;Pantholops hodgsonii (chiru)
UNI1254,4,Bacteria;Proteobacteria;Alphaproteobacteria;Sphingomonadales;Sphingomonadaceae;Sphingomonas;Castanea mollissima (Chinese chestnut)
UNI3098,4,Bacteria;Proteobacteria;Alphaproteobacteria;Sphingomonadales;Sphingomonadaceae;Sphingopyxis;Sphingopyxis sp. C-1
UNI3102,4,Bacteria;Proteobacteria;Alphaproteobacteria;Sphingomonadales;Sphingomonadaceae;Sphingomonas;Solanum lycopersicum (tomato)
UNI3224,4,Bacteria;Proteobacteria;Alphaproteobacteria;Sphingomonadales;Sphingomonadaceae;Sphingomonas;Triatoma brasiliensis
UNI3660,4,Bacteria;Proteobacteria;Alphaproteobacteria;Sphingomonadales;Sphingomonadaceae;Sphingomonas;Triatoma brasiliensis
UNI8007,4,Bacteria;Deinococcus-Thermus;Deinococci;Deinococcales;Trueperaceae;Truepera;Truepera radiovictrix
UNI4323,3,Bacteria;Firmicutes;Bacilli;Bacillales;Listeriaceae;Listeria;Listeria monocytogenes SHL002
UNI3069,3,Bacteria;Proteobacteria;Gammaproteobacteria;Enterobacteriales;Enterobacteriaceae;Escherichia-Shigella;Alexandrium tamarense
UNI3381,3,Bacteria;Proteobacteria;Gammaproteobacteria;Pseudomonadales;Pseudomonadaceae;Pseudomonas;Pseudomonas aeruginosa MH38
UNI3378,3,Bacteria;Proteobacteria;Gammaproteobacteria;Pseudomonadales;Pseudomonadaceae;Pseudomonas;Pseudomonas aeruginosa MH38
UNI1574,3,Bacteria;Firmicutes;Bacilli;Bacillales;Bacillaceae;Bacillus;Bacillus glycinifermentans
UNI1673,3,Bacteria;Firmicutes;Bacilli;Bacillales;Bacillaceae;Bacillus;Bacillus glycinifermentans
UNI3786,3,Bacteria;Proteobacteria;Gammaproteobacteria;Enterobacteriales;Enterobacteriaceae;Citrobacter;Citrobacter freundii UCI 32
UNI9185,3,Bacteria;Firmicutes;Bacilli;Bacillales;Staphylococcaceae;Staphylococcus;Staphylococcus aureus M0113
UNI3721,3,Bacteria;Proteobacteria;Gammaproteobacteria;Enterobacteriales;Enterobacteriaceae;Citrobacter;Citrobacter freundii UCI 32
UNI760,3,Bacteria;Firmicutes;Bacilli;Bacillales;Bacillaceae;Bacillus;Bacillus licheniformis
UNI798,3,Bacteria;Firmicutes;Bacilli;Bacillales;Bacillaceae;Bacillus;Bacillus licheniformis
UNI3925,3,Bacteria;Proteobacteria;Gammaproteobacteria;Enterobacteriales;Enterobacteriaceae;Citrobacter;Citrobacter freundii UCI 32
UNI9666,3,Bacteria;Firmicutes;Bacilli;Lactobacillales;Streptococcaceae;Streptococcus;Streptococcus salivarius subsp. thermophilus
UNI218,3,Bacteria;Proteobacteria;Betaproteobacteria;Neisseriales;Neisseriaceae;Neisseriaceae(F);uncultured bacterium
UNI2729,3,Bacteria;Proteobacteria;Alphaproteobacteria;Sphingomonadales;Sphingomonadaceae;Sphingopyxis;Sphingopyxis sp. C-1
UNI2547,3,Bacteria;Proteobacteria;Gammaproteobacteria;Pseudomonadales;Moraxellaceae;Acinetobacter;Acinetobacter sp. CJ-S-MA4
UNI3258,3,Bacteria;Proteobacteria;Gammaproteobacteria;Xanthomonadales;Xanthomonadaceae;Stenotrophomonas;Stenotrophomonas maltophilia
UNI2580,3,Bacteria;Proteobacteria;Gammaproteobacteria;Pseudomonadales;Moraxellaceae;Acinetobacter;Acinetobacter sp. CJ-S-MA4
UNI896,3,Bacteria;Firmicutes;Bacilli;Bacillales;Staphylococcaceae;Staphylococcus;Staphylococcus epidermidis
UNI1172,3,Bacteria;Firmicutes;Bacilli;Bacillales;Bacillaceae;Bacillus;Bacillus coagulans DSM 1 = ATCC 7050
UNI5031,3,Bacteria;Proteobacteria;Betaproteobacteria;Burkholderiales;Alcaligenaceae;Achromobacter;Alcaligenes sp. STC1
UNI9128,3,Bacteria;Actinobacteria;Actinobacteria;Corynebacteriales;Corynebacteriaceae;Lawsonella;uncultured bacterium
UNI1012,3,Bacteria;Proteobacteria;Alphaproteobacteria;Sphingomonadales;Sphingomonadaceae;Sphingomonas;Castanea mollissima (Chinese chestnut)
UNI4790,3,Bacteria;Firmicutes;Bacilli;Bacillales;Bacillaceae;Aeribacillus;Aeribacillus pallidus
UNI1197,3,Bacteria;Proteobacteria;Betaproteobacteria;Neisseriales;Neisseriaceae;Neisseriaceae(F);uncultured bacterium
UNI492,3,Bacteria;Firmicutes;Clostridia;Thermoanaerobacterales;Family III;Caldicellulosiruptor;Caldicellulosiruptor acetigenus DSM 7040
UNI1086,3,Bacteria;Proteobacteria;Alphaproteobacteria;Sphingomonadales;Sphingomonadaceae;Sphingomonas;Castanea mollissima (Chinese chestnut)
UNI349,3,Bacteria;Firmicutes;Bacilli;Bacillales;Bacillaceae;Geobacillus;Geobacillus caldoxylosilyticus
UNI413,3,Bacteria;Firmicutes;Bacilli;Bacillales;Bacillaceae;Geobacillus;Geobacillus caldoxylosilyticus
UNI627,3,Bacteria;Firmicutes;Bacilli;Bacillales;Bacillaceae;Geobacillus;Geobacillus caldoxylosilyticus
UNI11766,3,Bacteria;Proteobacteria;Gammaproteobacteria;Pseudomonadales;Moraxellaceae;Acinetobacter;Acinetobacter bereziniae LMG 1003 = CIP 70.12
UNI4378,3,Bacteria;Firmicutes;Bacilli;Bacillales;Bacillaceae;Aeribacillus;Aeribacillus pallidus
UNI4389,3,Bacteria;Firmicutes;Bacilli;Bacillales;Bacillaceae;Aeribacillus;Aeribacillus pallidus
UNI7184,3,Bacteria;Proteobacteria;Gammaproteobacteria;Pseudomonadales;Moraxellaceae;Acinetobacter;Acinetobacter sp. NCTC 7422
UNI745,3,Bacteria;Firmicutes;Bacilli;Bacillales;Bacillaceae;Bacillus;Bacillus licheniformis
UNI7638,3,Bacteria;Proteobacteria;Gammaproteobacteria;Pseudomonadales;Moraxellaceae;Acinetobacter;Acinetobacter sp. NCTC 7422
UNI7868,3,Bacteria;Proteobacteria;Gammaproteobacteria;Pseudomonadales;Moraxellaceae;Acinetobacter;Acinetobacter sp. NCTC 7422
UNI7990,3,Bacteria;Proteobacteria;Gammaproteobacteria;Pseudomonadales;Moraxellaceae;Acinetobacter;Acinetobacter sp. NCTC 7422
UNI8462,3,Bacteria;Proteobacteria;Gammaproteobacteria;Pseudomonadales;Moraxellaceae;Acinetobacter;Acinetobacter sp. NCTC 7422
UNI10049,3,Bacteria;Firmicutes;Bacilli;Lactobacillales;Streptococcaceae;Streptococcus;Streptococcus pneumoniae
UNI101,3,Bacteria;Proteobacteria;Betaproteobacteria;Burkholderiales;Comamonadaceae;Delftia;Delftia acidovorans
UNI10613,3,Bacteria;Firmicutes;Negativicutes;Selenomonadales;Veillonellaceae;Veillonella;Veillonella tobetsuensis
UNI10630,3,Bacteria;Firmicutes;Bacilli;Lactobacillales;Streptococcaceae;Streptococcus;Streptococcus salivarius subsp. thermophilus
UNI10905,3,Bacteria;Proteobacteria;Betaproteobacteria;Burkholderiales;Comamonadaceae;uncultured Pelomonas sp.
UNI1146,3,Bacteria;Proteobacteria;Betaproteobacteria;Neisseriales;Neisseriaceae;Neisseriaceae(F);uncultured bacterium
UNI11676,3,Bacteria;Proteobacteria;Betaproteobacteria;Burkholderiales;Comamonadaceae;uncultured Pelomonas sp.
UNI1211,3,Bacteria;Proteobacteria;Betaproteobacteria;Neisseriales;Neisseriaceae;Neisseriaceae(F);uncultured bacterium
UNI143,3,Bacteria;Proteobacteria;Betaproteobacteria;Burkholderiales;Comamonadaceae;Delftia;Delftia acidovorans
UNI1737,3,Bacteria;Firmicutes;Bacilli;Lactobacillales;Streptococcaceae;Streptococcus;Streptococcus pneumoniae
UNI1878,3,Bacteria;Firmicutes;Bacilli;Lactobacillales;Streptococcaceae;Streptococcus;Streptococcus pneumoniae
UNI1921,3,Bacteria;Firmicutes;Bacilli;Lactobacillales;Streptococcaceae;Streptococcus;Streptococcus pneumoniae
UNI2035,3,Bacteria;Proteobacteria;Gammaproteobacteria;Pseudomonadales;Pseudomonadaceae;Pseudomonas;Squalius pyrenaicus
UNI2076,3,Bacteria;Proteobacteria;Gammaproteobacteria;Pseudomonadales;Pseudomonadaceae;Pseudomonas;Squalius pyrenaicus
UNI2087,3,Bacteria;Proteobacteria;Gammaproteobacteria;Pseudomonadales;Pseudomonadaceae;Pseudomonas;Squalius pyrenaicus
UNI2154,3,Bacteria;Proteobacteria;Gammaproteobacteria;Pseudomonadales;Pseudomonadaceae;Pseudomonas;Squalius pyrenaicus
UNI2189,3,Bacteria;Proteobacteria;Gammaproteobacteria;Pseudomonadales;Pseudomonadaceae;Pseudomonas;Squalius pyrenaicus
UNI2821,3,Bacteria;Firmicutes;Bacilli;Bacillales;Bacillaceae;Bacillus;Bacillus sp. KW-12
UNI309,3,Bacteria;Firmicutes;Bacilli;Bacillales;Bacillaceae;Bacillus;Bacillus sp. KW-12
UNI320,3,Bacteria;Firmicutes;Bacilli;Bacillales;Bacillaceae;Bacillus;Bacillus sp. KW-12
UNI3214,3,Bacteria;Firmicutes;Bacilli;Bacillales;Bacillaceae;Bacillus;Bacillus sp. KW-12
UNI325,3,Bacteria;Firmicutes;Bacilli;Bacillales;Bacillaceae;Bacillus;Bacillus sp. KW-12
UNI4639,3,Bacteria;Firmicutes;Bacilli;Bacillales;Staphylococcaceae;Staphylococcus;Staphylococcus haemolyticus DNF00585
UNI4705,3,Bacteria;Firmicutes;Bacilli;Bacillales;Staphylococcaceae;Staphylococcus;Staphylococcus haemolyticus DNF00585
UNI5105,3,Bacteria;Proteobacteria;Gammaproteobacteria;Enterobacteriales;Enterobacteriaceae;Klebsiella;Klebsiella sp. AS10
UNI72,3,Bacteria;Proteobacteria;Betaproteobacteria;Burkholderiales;Alcaligenaceae;Achromobacter;Achromobacter sp. HZ01
UNI7596,3,Bacteria;Firmicutes;Bacilli;Bacillales;Bacillaceae;Bacillus;Bacillus thermoamylovorans
UNI7825,3,Bacteria;Firmicutes;Bacilli;Lactobacillales;Carnobacteriaceae;Alloiococcus;Alloiococcus otitis ATCC 51267
UNI8261,3,Bacteria;Proteobacteria;Betaproteobacteria;Burkholderiales;Burkholderiaceae;Ralstonia;Ralstonia sp. NT80
UNI8526,3,Bacteria;Firmicutes;Negativicutes;Selenomonadales;Veillonellaceae;Veillonella;Veillonella parvula
UNI863,3,Bacteria;Firmicutes;Bacilli;Bacillales;Staphylococcaceae;Staphylococcus;Staphylococcus epidermidis
UNI9138,3,Bacteria;Firmicutes;Bacilli;Lactobacillales;Carnobacteriaceae;Atopostipes;uncultured feedlot manure bacterium B32
UNI9399,3,Bacteria;Proteobacteria;Gammaproteobacteria;Pseudomonadales;Pseudomonadaceae;Pseudomonas;Pseudomonas putida OUS82
UNI2800,3,Bacteria;Firmicutes;Clostridia;Thermolithobacterales;Thermolithobacteraceae;Thermolithobacter;uncultured Firmicutes bacterium
UNI2985,3,Bacteria;Firmicutes;Clostridia;Thermolithobacterales;Thermolithobacteraceae;Thermolithobacter;uncultured Firmicutes bacterium
UNI3537,3,Bacteria;Actinobacteria;Rubrobacteria;Rubrobacterales;Rubrobacteriaceae;Rubrobacter;Rubrobacter naiadicus
UNI11085,3,Bacteria;Firmicutes;Bacilli;Bacillales;Bacillaceae;Bacillus;Bacillus sp. KW-12
UNI9190,3,Bacteria;Deinococcus-Thermus;Deinococci;Deinococcales;Deinococcaceae;Deinococcus;uncultured bacterium
UNI1554,3,Bacteria;Actinobacteria;Actinobacteria;Corynebacteriales;Corynebacteriaceae;Corynebacterium;Corynebacterium tuberculostearicum SK141
UNI11149,3,Bacteria;Actinobacteria;Actinobacteria;Micrococcales;Micrococcaceae;Rothia;Rothia mucilaginosa ATCC 25296
UNI11171,3,Bacteria;Actinobacteria;Actinobacteria;Micrococcales;Micrococcaceae;Rothia;Rothia mucilaginosa ATCC 25296
UNI11709,3,Bacteria;Actinobacteria;Actinobacteria;Micrococcales;Micrococcaceae;Rothia;Rothia mucilaginosa ATCC 25296
UNI561,3,Bacteria;Actinobacteria;Actinobacteria;Micrococcales;Microbacteriaceae;Leifsonia;Leifsonia aquatica ATCC 14665
UNI552,3,Bacteria;Firmicutes;Clostridia;Thermoanaerobacterales;Family III;Caldicellulosiruptor;Caldicellulosiruptor acetigenus DSM 7040
UNI6738,3,Bacteria;Firmicutes;Clostridia;Thermoanaerobacterales;Family III;Caldicellulosiruptor;Caldicellulosiruptor acetigenus DSM 7040
UNI10669,3,Bacteria;Proteobacteria;Alphaproteobacteria;Rhizobiales;Phyllobacteriaceae;Phyllobacterium;Phyllobacterium sp. UNC302MFCol5.2
UNI10981,3,Bacteria;Proteobacteria;Alphaproteobacteria;Rhizobiales;Phyllobacteriaceae;Phyllobacterium;Phyllobacterium sp. UNC302MFCol5.2
UNI1101,3,Bacteria;Proteobacteria;Alphaproteobacteria;Sphingomonadales;Sphingomonadaceae;Sphingomonas;Castanea mollissima (Chinese chestnut)
UNI1104,3,Bacteria;Proteobacteria;Alphaproteobacteria;Sphingomonadales;Sphingomonadaceae;Sphingomonas;Castanea mollissima (Chinese chestnut)
UNI11621,3,Bacteria;Proteobacteria;Alphaproteobacteria;Rhodobacterales;Rhodobacteraceae;Paracoccus;Paracoccus pantotrophus J40
UNI3097,3,Bacteria;Proteobacteria;Alphaproteobacteria;Sphingomonadales;Sphingomonadaceae;Sphingopyxis;Sphingopyxis sp. C-1
UNI3115,3,Bacteria;Proteobacteria;Alphaproteobacteria;Sphingomonadales;Sphingomonadaceae;Sphingomonas;Triatoma brasiliensis
UNI3291,3,Bacteria;Proteobacteria;Alphaproteobacteria;Sphingomonadales;Sphingomonadaceae;Sphingopyxis;Sphingopyxis sp. C-1
UNI3303,3,Bacteria;Proteobacteria;Alphaproteobacteria;Sphingomonadales;Sphingomonadaceae;Sphingopyxis;Sphingopyxis sp. C-1
UNI3653,3,Bacteria;Proteobacteria;Alphaproteobacteria;Sphingomonadales;Sphingomonadaceae;Sphingomonas;Triatoma brasiliensis
UNI7772,3,Bacteria;Proteobacteria;Alphaproteobacteria;Rhizobiales;Rhizobiaceae;Rhizobium;Agrobacterium tumefaciens WRT31
UNI8767,3,Bacteria;Proteobacteria;Alphaproteobacteria;Rhizobiales;Methylobacteriaceae;Methylobacterium;Methylobacterium sp. 88A
UNI9646,3,Bacteria;Proteobacteria;Alphaproteobacteria;Rhizobiales;Phyllobacteriaceae;Phyllobacterium;Phyllobacterium sp. UNC302MFCol5.2
UNI9983,3,Bacteria;Proteobacteria;Alphaproteobacteria;Rhizobiales;Phyllobacteriaceae;Phyllobacterium;Phyllobacterium sp. UNC302MFCol5.2
UNI2431,3,Bacteria;Firmicutes;Clostridia;Thermoanaerobacterales;Family III;Thermoanaerobacterium;Thermoanaerobacterium bryantii
UNI3711,3,Bacteria;Deinococcus-Thermus;Deinococci;Thermales;Thermaceae;Meiothermus;Meiothermus silvanus
UNI11109,2,Bacteria;Proteobacteria;Gammaproteobacteria;Enterobacteriales;Enterobacteriaceae;Cronobacter;Cronobacter dublinensis subsp. lausannensis LMG 23824
UNI12118,2,Bacteria;Firmicutes;Bacilli;Bacillales;Bacillaceae;Bacillus;Streptococcus pneumoniae
UNI1535,2,Bacteria;Firmicutes;Bacilli;Bacillales;Bacillaceae;Bacillus;Bacillus glycinifermentans
UNI1698,2,Bacteria;Firmicutes;Bacilli;Bacillales;Bacillaceae;Bacillus;Bacillus glycinifermentans
UNI9090,2,Bacteria;Firmicutes;Bacilli;Bacillales;Staphylococcaceae;Staphylococcus;Staphylococcus aureus M0113
UNI924,2,Bacteria;Firmicutes;Bacilli;Bacillales;Bacillaceae;Bacillus;Bacillus licheniformis
UNI3991,2,Bacteria;Proteobacteria;Gammaproteobacteria;Enterobacteriales;Enterobacteriaceae;Citrobacter;Citrobacter freundii UCI 32
UNI4714,2,Bacteria;Firmicutes;Bacilli;Bacillales;Staphylococcaceae;Staphylococcus;Staphylococcus haemolyticus DNF00585
UNI961,2,Bacteria;Firmicutes;Bacilli;Bacillales;Bacillaceae;Bacillus;Bacillus licheniformis
UNI239,2,Bacteria;Proteobacteria;Betaproteobacteria;Neisseriales;Neisseriaceae;Neisseriaceae(F);uncultured bacterium
UNI249,2,Bacteria;Proteobacteria;Betaproteobacteria;Neisseriales;Neisseriaceae;Neisseriaceae(F);uncultured bacterium
UNI271,2,Bacteria;Proteobacteria;Betaproteobacteria;Neisseriales;Neisseriaceae;Neisseriaceae(F);uncultured bacterium
UNI56,2,Bacteria;Proteobacteria;Betaproteobacteria;Burkholderiales;Alcaligenaceae;Achromobacter;Achromobacter sp. HZ01
UNI5679,2,Bacteria;Proteobacteria;Betaproteobacteria;Burkholderiales;Alcaligenaceae;Achromobacter;Alcaligenes sp. STC1
UNI7109,2,Bacteria;Proteobacteria;Gammaproteobacteria;Pseudomonadales;Pseudomonadaceae;Pseudomonas;Pseudomonas sp. ABFPK
UNI1201,2,Bacteria;Proteobacteria;Alphaproteobacteria;Sphingomonadales;Sphingomonadaceae;Sphingomonas;Castanea mollissima (Chinese chestnut)
UNI7079,2,Bacteria;Proteobacteria;Gammaproteobacteria;Pseudomonadales;Pseudomonadaceae;Pseudomonas;Pseudomonas sp. RIT-PI-o
UNI712,2,Bacteria;Firmicutes;Bacilli;Bacillales;Bacillaceae;Bacillus;Bacillus thermoamylovorans
UNI1038,2,Bacteria;Actinobacteria;Actinobacteria;Corynebacteriales;Corynebacteriaceae;Corynebacterium;Corynebacterium kroppenstedtii
UNI1193,2,Bacteria;Actinobacteria;Actinobacteria;Corynebacteriales;Corynebacteriaceae;Corynebacterium;Corynebacterium kroppenstedtii
UNI538,2,Bacteria;Firmicutes;Clostridia;Thermoanaerobacterales;Family III;Caldicellulosiruptor;Caldicellulosiruptor acetigenus DSM 7040
UNI543,2,Bacteria;Firmicutes;Clostridia;Thermoanaerobacterales;Family III;Caldicellulosiruptor;Caldicellulosiruptor acetigenus DSM 7040
UNI1090,2,Bacteria;Proteobacteria;Alphaproteobacteria;Sphingomonadales;Sphingomonadaceae;Sphingomonas;Castanea mollissima (Chinese chestnut)
UNI1203,2,Bacteria;Proteobacteria;Alphaproteobacteria;Sphingomonadales;Sphingomonadaceae;Sphingomonas;Castanea mollissima (Chinese chestnut)
UNI2732,2,Bacteria;Proteobacteria;Alphaproteobacteria;Sphingomonadales;Sphingomonadaceae;Sphingopyxis;Sphingopyxis sp. C-1
UNI369,2,Bacteria;Firmicutes;Bacilli;Bacillales;Bacillaceae;Geobacillus;Geobacillus caldoxylosilyticus
UNI549,2,Bacteria;Firmicutes;Clostridia;Thermoanaerobacterales;Family III;Caldicellulosiruptor;Caldicellulosiruptor acetigenus DSM 7040
UNI244,2,Bacteria;Firmicutes;Bacilli;Bacillales;Bacillaceae;Aeribacillus;Aeribacillus pallidus
UNI31,2,Bacteria;Proteobacteria;Gammaproteobacteria;Xanthomonadales;Xanthomonadaceae;Stenotrophomonas;Stenotrophomonas maltophilia SKK35
UNI6800,2,Bacteria;Firmicutes;Bacilli;Bacillales;Staphylococcaceae;Staphylococcus;uncultured bacterium
UNI757,2,Bacteria;Firmicutes;Bacilli;Bacillales;Bacillaceae;Bacillus;Bacillus thermoamylovorans
UNI91,2,Bacteria;Proteobacteria;Betaproteobacteria;Burkholderiales;Alcaligenaceae;Achromobacter;Achromobacter sp. HZ01
UNI6427,2,Bacteria;Firmicutes;Clostridia;Thermoanaerobacterales;Family III;Caldicellulosiruptor;Caldicellulosiruptor acetigenus DSM 7040
UNI9997,2,Bacteria;Proteobacteria;Alphaproteobacteria;Rhizobiales;Phyllobacteriaceae;Phyllobacterium;Phyllobacterium sp. UNC302MFCol5.2
UNI412,2,Bacteria;Firmicutes;Bacilli;Bacillales;Bacillaceae;Geobacillus;Geobacillus caldoxylosilyticus
UNI11907,2,Bacteria;Proteobacteria;Gammaproteobacteria;Pseudomonadales;Moraxellaceae;Acinetobacter;Acinetobacter sp. NIPH 2171
UNI256,2,Bacteria;Firmicutes;Bacilli;Bacillales;Bacillaceae;Aeribacillus;Aeribacillus pallidus
UNI3531,2,Bacteria;Firmicutes;Bacilli;Bacillales;Bacillaceae;Calditerricola;Calditerricola satsumensis JCM 14719
UNI4310,2,Bacteria;Proteobacteria;Gammaproteobacteria;Pseudomonadales;Moraxellaceae;Acinetobacter;Acinetobacter sp. NIPH 2171
UNI4534,2,Bacteria;Firmicutes;Bacilli;Bacillales;Bacillaceae;Aeribacillus;Aeribacillus pallidus
UNI4618,2,Bacteria;Firmicutes;Bacilli;Bacillales;Bacillaceae;Aeribacillus;Aeribacillus pallidus
UNI4773,2,Bacteria;Firmicutes;Bacilli;Bacillales;Bacillaceae;Aeribacillus;Aeribacillus pallidus
UNI4866,2,Bacteria;Firmicutes;Bacilli;Bacillales;Bacillaceae;Aeribacillus;Aeribacillus pallidus
UNI568,2,Bacteria;Firmicutes;Bacilli;Bacillales;Bacillaceae;Aeribacillus;Aeribacillus pallidus
UNI590,2,Bacteria;Firmicutes;Bacilli;Bacillales;Bacillaceae;Bacillus;Bacillus coagulans DSM 1 = ATCC 7050
UNI6410,2,Bacteria;Proteobacteria;Gammaproteobacteria;Pseudomonadales;Moraxellaceae;Enhydrobacter;Hydra vulgaris
UNI664,2,Bacteria;Firmicutes;Bacilli;Bacillales;Bacillaceae;Bacillus;Bacillus coagulans DSM 1 = ATCC 7050
UNI725,2,Bacteria;Firmicutes;Bacilli;Bacillales;Bacillaceae;Aeribacillus;Aeribacillus pallidus
UNI7532,2,Bacteria;Proteobacteria;Gammaproteobacteria;Pseudomonadales;Moraxellaceae;Acinetobacter;Acinetobacter sp. NCTC 7422
UNI7535,2,Bacteria;Proteobacteria;Gammaproteobacteria;Pseudomonadales;Moraxellaceae;Acinetobacter;Acinetobacter bereziniae LMG 1003 = CIP 70.12
UNI763,2,Bacteria;Firmicutes;Bacilli;Bacillales;Bacillaceae;Bacillus;Bacillus licheniformis
UNI7900,2,Bacteria;Proteobacteria;Gammaproteobacteria;Pseudomonadales;Moraxellaceae;Acinetobacter;Acinetobacter sp. NCTC 7422
UNI8245,2,Bacteria;Proteobacteria;Gammaproteobacteria;Pseudomonadales;Moraxellaceae;Acinetobacter;Acinetobacter sp. NCTC 7422
UNI8247,2,Bacteria;Proteobacteria;Gammaproteobacteria;Pseudomonadales;Moraxellaceae;Acinetobacter;Acinetobacter sp. NCTC 7422
UNI855,2,Bacteria;Firmicutes;Bacilli;Bacillales;Bacillaceae;Bacillus;Bacillus licheniformis
UNI10683,2,Bacteria;Firmicutes;Bacilli;Lactobacillales;Streptococcaceae;Streptococcus;Streptococcus salivarius subsp. thermophilus
UNI10876,2,Bacteria;Proteobacteria;Betaproteobacteria;Burkholderiales;Comamonadaceae;Comamonas;Comamonas kerstersii
UNI1265,2,Bacteria;Proteobacteria;Betaproteobacteria;Neisseriales;Neisseriaceae;Neisseriaceae(F);uncultured bacterium
UNI1344,2,Bacteria;Firmicutes;Bacilli;Bacillales;Bacillaceae;Bacillus;Bacillus thermoamylovorans
UNI1364,2,Bacteria;Proteobacteria;Betaproteobacteria;Neisseriales;Neisseriaceae;Neisseriaceae(F);uncultured bacterium
UNI1444,2,Bacteria;Proteobacteria;Betaproteobacteria;Neisseriales;Neisseriaceae;Neisseriaceae(F);uncultured bacterium
UNI166,2,Bacteria;Proteobacteria;Betaproteobacteria;Burkholderiales;Comamonadaceae;Delftia;Delftia acidovorans
UNI1714,2,Bacteria;Firmicutes;Bacilli;Lactobacillales;Streptococcaceae;Streptococcus;Streptococcus pneumoniae
UNI1755,2,Bacteria;Firmicutes;Bacilli;Lactobacillales;Streptococcaceae;Streptococcus;Streptococcus pneumoniae
UNI1829,2,Bacteria;Firmicutes;Bacilli;Lactobacillales;Streptococcaceae;Streptococcus;Streptococcus pneumoniae
UNI1857,2,Bacteria;Firmicutes;Bacilli;Lactobacillales;Streptococcaceae;Streptococcus;Streptococcus pneumoniae
UNI1978,2,Bacteria;Proteobacteria;Betaproteobacteria;Neisseriales;Neisseriaceae;Neisseriaceae(F);uncultured bacterium
UNI2024,2,Bacteria;Proteobacteria;Gammaproteobacteria;Pseudomonadales;Pseudomonadaceae;Pseudomonas;Squalius pyrenaicus
UNI2080,2,Bacteria;Proteobacteria;Betaproteobacteria;Neisseriales;Neisseriaceae;Neisseriaceae(F);uncultured bacterium
UNI2115,2,Bacteria;Proteobacteria;Gammaproteobacteria;Pseudomonadales;Pseudomonadaceae;Pseudomonas;Squalius pyrenaicus
UNI26,2,Bacteria;Proteobacteria;Gammaproteobacteria;Xanthomonadales;Xanthomonadaceae;Stenotrophomonas;Stenotrophomonas maltophilia SKK35
UNI288,2,Bacteria;Firmicutes;Bacilli;Bacillales;Bacillaceae;Bacillus;Bacillus sp. KW-12
UNI30,2,Bacteria;Proteobacteria;Gammaproteobacteria;Xanthomonadales;Xanthomonadaceae;Stenotrophomonas;Stenotrophomonas maltophilia SKK35
UNI310,2,Bacteria;Firmicutes;Bacilli;Bacillales;Bacillaceae;Bacillus;Bacillus sp. KW-12
UNI341,2,Bacteria;Firmicutes;Bacilli;Bacillales;Bacillaceae;Bacillus;Bacillus sp. KW-12
UNI358,2,Bacteria;Firmicutes;Bacilli;Bacillales;Bacillaceae;Bacillus;Bacillus sp. KW-12
UNI4032,2,Bacteria;Proteobacteria;Betaproteobacteria;Burkholderiales;Burkholderiaceae;Cupriavidus;Cupriavidus sp. D384
UNI4398,2,Bacteria;Firmicutes;Bacilli;Lactobacillales;Lactobacillaceae;Lactobacillus;Lactobacillus iners DSM 13335
UNI4469,2,Bacteria;Firmicutes;Bacilli;Bacillales;Bacillaceae;Bacillus;Bacillus thermoamylovorans
UNI4519,2,Bacteria;Firmicutes;Bacilli;Lactobacillales;Lactobacillaceae;Lactobacillus;Lactobacillus iners DSM 13335
UNI4525,2,Bacteria;Firmicutes;Bacilli;Bacillales;Staphylococcaceae;Staphylococcus;Staphylococcus haemolyticus DNF00585
UNI4629,2,Bacteria;Firmicutes;Bacilli;Lactobacillales;Lactobacillaceae;Lactobacillus;Lactobacillus iners DSM 13335
UNI4894,2,Bacteria;Proteobacteria;Betaproteobacteria;Burkholderiales;Comamonadaceae;Delftia;Delftia acidovorans CCUG 274B
UNI5106,2,Bacteria;Proteobacteria;Gammaproteobacteria;Enterobacteriales;Enterobacteriaceae;Klebsiella;Klebsiella sp. AS10
UNI5159,2,Bacteria;Proteobacteria;Gammaproteobacteria;Enterobacteriales;Enterobacteriaceae;Klebsiella;Klebsiella sp. AS10
UNI7092,2,Bacteria;Proteobacteria;Gammaproteobacteria;Pseudomonadales;Pseudomonadaceae;Pseudomonas;Pseudomonas sp. ABFPK
UNI7096,2,Bacteria;Proteobacteria;Betaproteobacteria;Burkholderiales;Comamonadaceae;Diaphorobacter;Diaphorobacter nitroreducens JCM 11421
UNI7142,2,Bacteria;Proteobacteria;Gammaproteobacteria;Pseudomonadales;Pseudomonadaceae;Pseudomonas;Pseudomonas sp. ABFPK
UNI73,2,Bacteria;Proteobacteria;Betaproteobacteria;Burkholderiales;Alcaligenaceae;Achromobacter;Achromobacter sp. HZ01
UNI7651,2,Bacteria;Firmicutes;Bacilli;Bacillales;Staphylococcaceae;Staphylococcus;uncultured bacterium
UNI80,2,Bacteria;Proteobacteria;Betaproteobacteria;Burkholderiales;Alcaligenaceae;Achromobacter;Achromobacter sp. HZ01
UNI8392,2,Bacteria;Proteobacteria;Gammaproteobacteria;Xanthomonadales;Xanthomonadaceae;Stenotrophomonas;Stenotrophomonas nitritireducens
UNI8705,2,Bacteria;Proteobacteria;Betaproteobacteria;Burkholderiales;Comamonadaceae;Pelomonas;Pelomonas aquatica
UNI893,2,Bacteria;Firmicutes;Bacilli;Bacillales;Staphylococcaceae;Staphylococcus;Staphylococcus epidermidis
UNI9058,2,Bacteria;Firmicutes;Bacilli;Bacillales;Staphylococcaceae;Nosocomiicoccus;uncultured bacterium
UNI909,2,Bacteria;Firmicutes;Bacilli;Bacillales;Staphylococcaceae;Staphylococcus;Staphylococcus epidermidis
UNI9094,2,Bacteria;Proteobacteria;Betaproteobacteria;Burkholderiales;Comamonadaceae;Aquabacterium;uncultured proteobacterium
UNI917,2,Bacteria;Firmicutes;Bacilli;Bacillales;Staphylococcaceae;Staphylococcus;Staphylococcus epidermidis
UNI920,2,Bacteria;Firmicutes;Bacilli;Bacillales;Staphylococcaceae;Staphylococcus;Staphylococcus epidermidis
UNI949,2,Bacteria;Proteobacteria;Betaproteobacteria;Neisseriales;Neisseriaceae;Neisseriaceae(F);uncultured bacterium
UNI2743,2,Bacteria;Firmicutes;Clostridia;Thermolithobacterales;Thermolithobacteraceae;Thermolithobacter;uncultured Firmicutes bacterium
UNI3025,2,Bacteria;Firmicutes;Clostridia;Thermolithobacterales;Thermolithobacteraceae;Thermolithobacter;uncultured Firmicutes bacterium
UNI3040,2,Bacteria;Firmicutes;Clostridia;Thermolithobacterales;Thermolithobacteraceae;Thermolithobacter;uncultured Firmicutes bacterium
UNI10914,2,Bacteria;Proteobacteria;Gammaproteobacteria;Xanthomonadales;Xanthomonadaceae;Stenotrophomonas;Stenotrophomonas maltophilia SKK35
UNI11082,2,Bacteria;Bacteroidetes;Bacteroidia;Bacteroidales;Prevotellaceae;Alloprevotella;uncultured Prevotellaceae bacterium
UNI6609,2,Bacteria;Deinococcus-Thermus;Deinococci;Deinococcales;Deinococcaceae;Deinococcus;uncultured Deinococcus sp.
UNI1963,2,Bacteria;Deinococcus-Thermus;Deinococci;Deinococcales;Deinococcaceae;Deinococcus;Deinococcus geothermalis
UNI12071,2,Bacteria;Deinococcus-Thermus;Deinococci;Thermales;Thermaceae;Thermus;Thermus amyloliquefaciens
UNI1997,2,Bacteria;Deinococcus-Thermus;Deinococci;Thermales;Thermaceae;Thermus;Thermus amyloliquefaciens
UNI2201,2,Bacteria;Deinococcus-Thermus;Deinococci;Thermales;Thermaceae;Thermus;Thermus amyloliquefaciens
UNI8232,2,Bacteria;Deinococcus-Thermus;Deinococci;Deinococcales;Deinococcaceae;Deinococcus;Deinococcus murrayi
UNI1015,2,Bacteria;Actinobacteria;Actinobacteria;Corynebacteriales;Corynebacteriaceae;Corynebacterium;Corynebacterium kroppenstedtii
UNI1143,2,Bacteria;Actinobacteria;Actinobacteria;Corynebacteriales;Corynebacteriaceae;Corynebacterium;Corynebacterium kroppenstedtii
UNI1147,2,Bacteria;Actinobacteria;Actinobacteria;Corynebacteriales;Corynebacteriaceae;Corynebacterium;Corynebacterium kroppenstedtii
UNI1307,2,Bacteria;Actinobacteria;Actinobacteria;Corynebacteriales;Corynebacteriaceae;Corynebacterium;Corynebacterium kroppenstedtii
UNI1642,2,Bacteria;Actinobacteria;Actinobacteria;Corynebacteriales;Corynebacteriaceae;Corynebacterium;Corynebacterium tuberculostearicum SK141
UNI6530,2,Bacteria;Actinobacteria;Actinobacteria;Corynebacteriales;Corynebacteriaceae;Corynebacterium;Corynebacterium sp. GD7
UNI1096,2,Bacteria;Actinobacteria;Actinobacteria;Corynebacteriales;Corynebacteriaceae;Corynebacterium;Corynebacterium tuberculostearicum SK141
UNI1281,2,Bacteria;Actinobacteria;Actinobacteria;Corynebacteriales;Corynebacteriaceae;Corynebacterium;Corynebacterium tuberculostearicum SK141
UNI1337,2,Bacteria;Actinobacteria;Actinobacteria;Corynebacteriales;Corynebacteriaceae;Corynebacterium;Corynebacterium tuberculostearicum SK141
UNI1370,2,Bacteria;Actinobacteria;Actinobacteria;Corynebacteriales;Corynebacteriaceae;Corynebacterium;Corynebacterium tuberculostearicum SK141
UNI1488,2,Bacteria;Actinobacteria;Actinobacteria;Corynebacteriales;Corynebacteriaceae;Corynebacterium;Corynebacterium tuberculostearicum SK141
UNI3694,2,Bacteria;Actinobacteria;Actinobacteria;Corynebacteriales;Corynebacteriaceae;Corynebacterium;Corynebacterium sp. NML 100378
UNI3808,2,Bacteria;Actinobacteria;Actinobacteria;Corynebacteriales;Corynebacteriaceae;Corynebacterium;Corynebacterium sp. NML 100378
UNI560,2,Bacteria;Actinobacteria;Actinobacteria;Corynebacteriales;Corynebacteriaceae;Corynebacterium;Corynebacterium accolens ATCC 49725
UNI6037,2,Bacteria;Actinobacteria;Actinobacteria;Corynebacteriales;Corynebacteriaceae;Corynebacterium;Corynebacterium accolens ATCC 49725
UNI11565,2,Bacteria;Actinobacteria;Actinobacteria;Micrococcales;Micrococcaceae;Rothia;Rothia mucilaginosa ATCC 25296
UNI12456,2,Bacteria;Actinobacteria;Actinobacteria;Micrococcales;Micrococcaceae;Rothia;Rothia mucilaginosa ATCC 25296
UNI637,2,Bacteria;Actinobacteria;Actinobacteria;Micrococcales;Microbacteriaceae;Leifsonia;Leifsonia aquatica ATCC 14665
UNI643,2,Bacteria;Actinobacteria;Actinobacteria;Micrococcales;Microbacteriaceae;Leifsonia;Leifsonia aquatica ATCC 14665
UNI3777,2,Bacteria;Firmicutes;Clostridia;Thermoanaerobacterales;Family III;Caldicellulosiruptor;Caldicellulosiruptor acetigenus DSM 7040
UNI565,2,Bacteria;Firmicutes;Clostridia;Thermoanaerobacterales;Family III;Caldicellulosiruptor;Caldicellulosiruptor acetigenus DSM 7040
UNI6612,2,Bacteria;Firmicutes;Clostridia;Thermoanaerobacterales;Family III;Caldicellulosiruptor;Caldicellulosiruptor acetigenus DSM 7040
UNI7483,2,Bacteria;Saccharibacteria;uncultured bacterium
UNI7886,2,Bacteria;Firmicutes;Clostridia;Thermoanaerobacterales;Family III;Caldicellulosiruptor;Caldicellulosiruptor acetigenus DSM 7040
UNI8262,2,Bacteria;Cyanobacteria;Chloroplast;Pardosa pseudoannulata
UNI9063,2,Bacteria;Cyanobacteria;Chloroplast;Pardosa pseudoannulata
UNI10380,2,Bacteria;Proteobacteria;Alphaproteobacteria;Rhizobiales;Phyllobacteriaceae;Phyllobacterium;Phyllobacterium sp. UNC302MFCol5.2
UNI10540,2,Bacteria;Firmicutes;Clostridia;Clostridiales;Clostridiaceae 1;Clostridium sensu stricto 3;Clostridium intestinale URNW
UNI11341,2,Bacteria;Proteobacteria;Alphaproteobacteria;Rhizobiales;Phyllobacteriaceae;Phyllobacterium;Phyllobacterium sp. UNC302MFCol5.2
UNI1199,2,Bacteria;Proteobacteria;Alphaproteobacteria;Sphingomonadales;Sphingomonadaceae;Sphingomonas;Castanea mollissima (Chinese chestnut)
UNI1240,2,Bacteria;Proteobacteria;Alphaproteobacteria;Sphingomonadales;Sphingomonadaceae;Sphingomonas;Castanea mollissima (Chinese chestnut)
UNI12474,2,Bacteria;Proteobacteria;Alphaproteobacteria;Sphingomonadales;Sphingomonadaceae;Sphingopyxis;Sphingopyxis sp. H057
UNI1533,2,Bacteria;Proteobacteria;Alphaproteobacteria;Sphingomonadales;Sphingomonadaceae;Sphingomonas;Castanea mollissima (Chinese chestnut)
UNI2900,2,Bacteria;Proteobacteria;Alphaproteobacteria;Sphingomonadales;Sphingomonadaceae;Sphingopyxis;Sphingopyxis sp. C-1
UNI3089,2,Bacteria;Proteobacteria;Alphaproteobacteria;Sphingomonadales;Sphingomonadaceae;Sphingopyxis;Sphingopyxis sp. C-1
UNI3204,2,Bacteria;Proteobacteria;Alphaproteobacteria;Sphingomonadales;Sphingomonadaceae;Sphingomonas;Triatoma brasiliensis
UNI6401,2,Bacteria;Proteobacteria;Alphaproteobacteria;Rhizobiales;Bradyrhizobiaceae;uncultured;Afipia sp. P52-10
UNI7835,2,Bacteria;Proteobacteria;Alphaproteobacteria;Rhizobiales;Methylobacteriaceae;Methylobacterium;Methylobacterium sp. 88A
UNI9372,2,Bacteria;Proteobacteria;Alphaproteobacteria;Rhizobiales;Methylobacteriaceae;Methylobacterium;Methylobacterium sp. 88A
UNI10833,2,Bacteria;Firmicutes;Clostridia;Clostridiales;Family XI;Finegoldia;Finegoldia magna ATCC 53516
UNI7335,2,Bacteria;Firmicutes;Clostridia;Clostridiales;Family XI;Peptoniphilus;Peptoniphilus rhinitidis 1-13
UNI11503,2,Bacteria;Deinococcus-Thermus;Deinococci;Thermales;Thermaceae;Meiothermus;Meiothermus cerbereus DSM 11376
UNI2488,2,Bacteria;Firmicutes;Clostridia;Thermoanaerobacterales;Family III;Thermoanaerobacterium;Thermoanaerobacterium bryantii
UNI3957,2,Bacteria;Deinococcus-Thermus;Deinococci;Thermales;Thermaceae;Meiothermus;Meiothermus silvanus
UNI8613,2,Bacteria;Deinococcus-Thermus;Deinococci;Deinococcales;Trueperaceae;Truepera;Truepera radiovictrix
